YEAR;REP;var;Variety;FAO cicle;Sowing date;Flowering date;Harvest date;Fresh Total;Fresh Ear Percentage;Fresh Foliage Percentage;Dry Total;Dry Ear Percentage;Dry Foliage Percentage
2012;A;1;LG 30.275;260;01/06/2012;No data;13/09/2012;64,88;32,00;68,00;22,44;49,03;50,97
2012;A;2;DKC3390;200;01/06/2012;No data;20/09/2012;53,10;43,10;56,90;23,73;55,93;44,07
2012;A;3;DKC4114;200;01/06/2012;No data;13/09/2012;63,84;27,14;72,86;18,38;46,46;53,54
2012;A;4;Codilor;260;01/06/2012;No data;27/09/2012;63,94;36,49;63,51;26,10;53,43;46,57
2012;A;5;Sy Kairo;200;01/06/2012;No data;13/09/2012;56,20;31,37;68,63;19,82;49,60;50,40
2012;A;6;Barsa;180;01/06/2012;No data;13/09/2012;68,40;30,77;69,23;24,83;49,03;50,97
2012;A;7;Pontos;190;01/06/2012;No data;13/09/2012;59,26;33,82;66,18;21,79;50,52;49,48
2012;A;8;Backari;260;01/06/2012;No data;20/09/2012;63,11;36,07;63,93;24,19;54,06;45,94
2012;A;9;LG 34.90;400;01/06/2012;No data;01/10/2012;71,66;36,11;63,89;24,09;56,60;43,40
2012;A;10;DKC4608;400;01/06/2012;No data;01/10/2012;72,24;32,43;67,57;23,62;55,23;44,77
2012;A;11;Aallexia;400;01/06/2012;No data;01/10/2012;71,82;34,57;65,43;23,00;56,19;43,81
2012;A;12;Sy Syncero;600;01/06/2012;No data;27/09/2012;78,23;35,06;64,94;26,21;47,88;52,12
2012;A;13;Anjou-387;300;01/06/2012;No data;27/09/2012;62,21;38,60;61,40;24,98;55,65;44,35
2012;A;14;Susann;260;01/06/2012;No data;20/09/2012;60,43;41,89;58,11;25,82;55,82;44,18
2012;A;15;Loubazi;300;01/06/2012;No data;27/09/2012;72,58;35,44;64,56;26,75;51,66;48,34
2012;A;16;Chatillon;260;01/06/2012;No data;20/09/2012;60,17;36,92;63,08;24,85;53,64;46,36
2012;A;17;Devolvi;300;01/06/2012;No data;27/09/2012;67,60;36,62;63,38;24,65;52,38;47,62
2012;A;18;Fern�ndez;300;01/06/2012;No data;20/09/2012;60,89;36,36;63,64;25,51;51,52;48,48
2012;B;1;LG 30.275;260;01/06/2012;No data;13/09/2012;45,53;36,73;63,27;17,19;51,89;48,11
2012;B;2;DKC3390;200;01/06/2012;No data;20/09/2012;50,92;40,82;59,18;20,34;59,18;40,82
2012;B;3;DKC4114;200;01/06/2012;No data;13/09/2012;65,12;27,14;72,86;20,06;41,19;58,81
2012;B;4;Codilor;260;01/06/2012;No data;27/09/2012;60,62;36,67;63,33;23,53;53,77;46,23
2012;B;5;Sy Kairo;200;01/06/2012;No data;13/09/2012;66,11;27,78;72,22;22,26;43,49;56,51
2012;B;6;Barsa;180;01/06/2012;No data;13/09/2012;67,68;31,51;68,49;22,03;53,24;46,76
2012;B;7;Pontos;190;01/06/2012;No data;13/09/2012;48,50;34,55;65,45;15,26;56,31;43,69
2012;B;8;Backari;260;01/06/2012;No data;20/09/2012;56,52;36,21;63,79;20,95;55,29;44,71
2012;B;9;LG 34.90;400;01/06/2012;No data;01/10/2012;57,00;40,00;60,00;20,64;58,62;41,38
2012;B;10;DKC4608;400;01/06/2012;No data;27/09/2012;56,67;36,67;63,33;22,39;53,50;46,50
2012;B;11;Aallexia;400;01/06/2012;No data;01/10/2012;60,13;34,33;65,67;20,19;53,03;46,97
2012;B;12;Sy Syncero;600;01/06/2012;No data;01/10/2012;63,04;36,11;63,89;21,61;52,47;47,53
2012;B;13;Anjou-387;300;01/06/2012;No data;27/09/2012;38,90;44,44;55,56;17,05;59,85;40,15
2012;B;14;Susann;260;01/06/2012;No data;20/09/2012;44,01;39,58;60,42;18,03;52,52;47,48
2012;B;15;Loubazi;300;01/06/2012;No data;27/09/2012;35,64;41,30;58,70;14,32;59,04;40,96
2012;B;16;Chatillon;260;01/06/2012;No data;20/09/2012;44,16;38,71;61,29;19,95;53,91;46,09
2012;B;17;Devolvi;300;01/06/2012;No data;27/09/2012;36,09;39,53;60,47;15,60;50,06;49,94
2012;B;18;Fern�ndez;300;01/06/2012;No data;20/09/2012;50,68;41,51;58,49;21,71;57,69;42,31
2012;C;1;LG 30.275;260;01/06/2012;No data;13/09/2012;53,20;37,74;62,26;20,69;52,82;47,18
2012;C;2;DKC3390;200;01/06/2012;No data;20/09/2012;46,83;47,06;52,94;21,09;62,29;37,71
2012;C;3;DKC4114;200;01/06/2012;No data;13/09/2012;60,36;29,51;70,49;17,62;49,65;50,35
2012;C;4;Codilor;260;01/06/2012;No data;27/09/2012;43,80;39,62;60,38;20,11;54,18;45,82
2012;C;5;Sy Kairo;200;01/06/2012;No data;13/09/2012;57,67;28,07;71,93;19,28;48,76;51,24
2012;C;6;Barsa;180;01/06/2012;No data;13/09/2012;54,80;32,39;67,61;18,36;54,74;45,26
2012;C;7;Pontos;190;01/06/2012;No data;13/09/2012;54,02;35,59;64,41;18,73;54,97;45,03
2012;C;8;Backari;260;01/06/2012;No data;20/09/2012;71,10;33,78;66,22;27,10;50,99;49,01
2012;C;9;LG 34.90;400;01/06/2012;No data;01/10/2012;63,37;35,29;64,71;20,90;56,63;43,37
2012;C;10;DKC4608;400;01/06/2012;No data;27/09/2012;48,03;41,82;58,18;19,84;58,48;41,52
2012;C;11;Aallexia;400;01/06/2012;No data;01/10/2012;57,79;35,38;64,62;19,48;54,15;45,85
2012;C;12;Sy Syncero;600;01/06/2012;No data;01/10/2012;69,41;37,14;62,86;24,25;54,02;45,98
2012;C;13;Anjou-387;300;01/06/2012;No data;27/09/2012;53,00;38,10;61,90;21,39;56,27;43,73
2012;C;14;Susann;260;01/06/2012;No data;20/09/2012;31,20;42,50;57,50;14,57;54,18;45,82
2012;C;15;Loubazi;300;01/06/2012;No data;27/09/2012;49,15;42,31;57,69;21,04;58,06;41,94
2012;C;16;Chatillon;260;01/06/2012;No data;20/09/2012;33,95;44,44;55,56;16,34;57,53;42,47
2012;C;17;Devolvi;300;01/06/2012;No data;27/09/2012;31,14;37,74;62,26;12,16;52,48;47,52
2012;C;18;Fern�ndez;300;01/06/2012;No data;20/09/2012;53,48;36,07;63,93;21,71;52,66;47,34
2012;D;1;LG 30.275;260;01/06/2012;No data;13/09/2012;60,47;32,88;67,12;20,75;53,02;46,98
2012;D;2;DKC3390;200;01/06/2012;No data;20/09/2012;49,42;39,06;60,94;19,45;59,14;40,86
2012;D;3;DKC4114;200;01/06/2012;No data;13/09/2012;67,28;30,43;69,57;20,74;48,34;51,66
2012;D;4;Codilor;260;01/06/2012;No data;27/09/2012;74,55;35,71;64,29;28,90;56,09;43,91
2012;D;5;Sy Kairo;200;01/06/2012;No data;13/09/2012;60,52;36,21;63,79;26,33;49,72;50,28
2012;D;6;Barsa;180;01/06/2012;No data;13/09/2012;58,71;28,81;71,19;19,17;49,87;50,13
2012;D;7;Pontos;190;01/06/2012;No data;13/09/2012;41,98;38,18;61,82;13,24;61,17;38,83
2012;D;8;Backari;260;01/06/2012;No data;20/09/2012;76,92;33,33;66,67;25,29;57,30;42,70
2012;D;9;LG 34.90;400;01/06/2012;No data;01/10/2012;60,21;35,21;64,79;20,55;54,13;45,87
2012;D;10;DKC4608;400;01/06/2012;No data;27/09/2012;64,25;34,33;65,67;23,16;52,43;47,57
2012;D;11;Aallexia;400;01/06/2012;No data;01/10/2012;72,63;34,21;65,79;24,82;53,98;46,02
2012;D;12;Sy Syncero;600;01/06/2012;No data;01/10/2012;77,14;33,75;66,25;25,97;51,49;48,51
2012;D;13;Anjou-387;300;01/06/2012;No data;27/09/2012;33,13;38,64;61,36;14,37;52,50;47,50
2012;D;14;Susann;260;01/06/2012;No data;20/09/2012;32,60;40,54;59,46;14,45;54,55;45,45
2012;D;15;Loubazi;300;01/06/2012;No data;27/09/2012;43,55;38,78;61,22;19,59;48,42;51,58
2012;D;16;Chatillon;260;01/06/2012;No data;20/09/2012;37,60;42,11;57,89;18,78;53,64;46,36
2012;D;17;Devolvi;300;01/06/2012;No data;27/09/2012;39,22;40,48;59,52;17,52;54,05;45,95
2012;D;18;Fern�ndez;300;01/06/2012;No data;20/09/2012;38,82;40,43;59,57;17,82;53,21;46,79
2013;A;1;AMADEO;200;06/06/2013;No data;25/09/2013;49,15;36,73;63,27;20,12;51,84;48,16
2013;A;2;LG 30.275;260;06/06/2013;No data;25/09/2013;56,32;36,07;63,93;20,04;54,41;45,59
2013;A;3;DKC 33.90;200;06/06/2013;No data;25/09/2013;50,92;38,33;61,67;18,27;56,06;43,94
2013;A;4;DKC 41.14;200;06/06/2013;No data;01/10/2013;63,88;33,33;66,67;20,90;57,22;42,78
2013;A;5;CODILOR;260;06/06/2013;No data;07/10/2013;63,81;32,73;67,27;23,84;51,15;48,85
2013;A;6;SY KAIRO;200;06/06/2013;No data;25/09/2013;54,57;32,20;67,80;20,38;52,26;47,74
2013;A;7;LG 30.311;300;06/06/2013;No data;01/10/2013;69,52;33,33;66,67;23,20;55,04;44,96
2013;A;8;ADEVEY;280;06/06/2013;No data;07/10/2013;49,21;45,45;54,55;22,09;62,08;37,92
2013;A;9;BELUGI;240;06/06/2013;No data;07/10/2013;53,21;42,59;57,41;25,30;56,78;43,22
2013;A;10;MARACANA;280;06/06/2013;No data;07/10/2013;58,09;35,00;65,00;21,36;53,75;46,25
2013;A;11;DKC4608;400;06/06/2013;No data;14/10/2013;55,94;39,29;60,71;23,62;58,40;41,60
2013;A;12;SY SYNCERO;600;06/06/2013;No data;14/10/2013;63,68;39,71;60,29;26,38;52,50;47,50
2013;A;13;YUCATAN;350;06/06/2013;No data;14/10/2013;53,41;41,07;58,93;22,08;62,89;37,11
2013;A;14;ANJOU_387;300;06/06/2013;No data;14/10/2013;50,31;43,64;56,36;22,20;61,25;38,75
2013;A;15;DEVOLVI;300;06/06/2013;No data;14/10/2013;50,91;46,03;53,97;21,73;62,95;37,05
2013;A;16;FERN�NDEZ;300;06/06/2013;No data;01/10/2013;61,92;34,29;65,71;22,84;56,05;43,95
2013;A;17;SHERLEY;300;06/06/2013;No data;25/09/2013;54,94;34,48;65,52;18,30;53,45;46,55
2013;A;18;MARTELI;300;06/06/2013;No data;25/09/2013;67,34;33,82;66,18;20,39;53,38;46,62
2013;A;19;FORBIA;200;06/06/2013;No data;07/10/2013;56,29;40,43;59,57;23,54;57,07;42,93
2013;A;20;BARSA;180;06/06/2013;No data;25/09/2013;55,31;38,33;61,67;21,27;57,82;42,18
2013;B;1;AMADEO;200;06/06/2013;No data;25/09/2013;48,23;40,35;59,65;19,41;59,73;40,27
2013;B;2;LG 30.275;260;06/06/2013;No data;25/09/2013;53,63;38,24;61,76;20,94;55,33;44,67
2013;B;3;DKC 33.90;200;06/06/2013;No data;25/09/2013;46,60;38,71;61,29;18,40;54,11;45,89
2013;B;4;DKC 41.14;200;06/06/2013;No data;01/10/2013;53,58;37,04;62,96;18,34;63,57;36,43
2013;B;5;CODILOR;260;06/06/2013;No data;07/10/2013;56,85;36,99;63,01;20,32;57,09;42,91
2013;B;6;SY KAIRO;200;06/06/2013;No data;25/09/2013;41,49;30,88;69,12;16,08;48,86;51,14
2013;B;7;LG 30.311;300;06/06/2013;No data;01/10/2013;54,29;32,43;67,57;18,42;53,27;46,73
2013;B;8;ADEVEY;280;06/06/2013;No data;07/10/2013;41,81;45,00;55,00;16,73;67,29;32,71
2013;B;9;BELUGI;240;06/06/2013;No data;07/10/2013;52,41;40,68;59,32;21,26;60,72;39,28
2013;B;10;MARACANA;280;06/06/2013;No data;07/10/2013;45,87;40,00;60,00;16,88;61,90;38,10
2013;B;11;DKC4608;400;06/06/2013;No data;14/10/2013;42,74;40,00;60,00;16,91;60,38;39,62
2013;B;12;SY SYNCERO;600;06/06/2013;No data;14/10/2013;53,91;36,23;63,77;19,66;50,68;49,32
2013;B;13;YUCATAN;350;06/06/2013;No data;14/10/2013;43,34;39,58;60,42;18,24;59,81;40,19
2013;B;14;ANJOU_387;300;06/06/2013;No data;14/10/2013;52,13;41,18;58,82;22,63;58,72;41,28
2013;B;15;DEVOLVI;300;06/06/2013;No data;14/10/2013;49,10;40,35;59,65;19,87;59,12;40,88
2013;B;16;FERN�NDEZ;300;06/06/2013;No data;01/10/2013;61,94;36,49;63,51;22,14;58,12;41,88
2013;B;17;SHERLEY;300;06/06/2013;No data;25/09/2013;54,71;35,71;64,29;18,76;52,75;47,25
2013;B;18;MARTELI;300;06/06/2013;No data;25/09/2013;55,27;35,38;64,62;18,23;51,49;48,51
2013;B;19;FORBIA;200;06/06/2013;No data;07/10/2013;53,38;37,31;62,69;18,94;60,43;39,57
2013;B;20;BARSA;180;06/06/2013;No data;25/09/2013;55,05;34,92;65,08;19,96;55,19;44,81
2013;C;1;AMADEO;200;06/06/2013;No data;25/09/2013;44,79;42,00;58,00;17,02;61,83;38,17
2013;C;2;LG 30.275;260;06/06/2013;No data;25/09/2013;62,69;34,29;65,71;22,57;51,33;48,67
2013;C;3;DKC 33.90;200;06/06/2013;No data;25/09/2013;46,09;41,07;58,93;17,37;58,82;41,18
2013;C;4;DKC 41.14;200;06/06/2013;No data;01/10/2013;64,59;35,62;64,38;20,98;61,41;38,59
2013;C;5;CODILOR;260;06/06/2013;No data;07/10/2013;56,15;36,51;63,49;24,11;50,22;49,78
2013;C;6;SY KAIRO;200;06/06/2013;No data;25/09/2013;44,56;33,90;66,10;17,40;52,08;47,92
2013;C;7;LG 30.311;300;06/06/2013;No data;01/10/2013;61,22;32,50;67,50;19,84;56,88;43,13
2013;C;8;ADEVEY;280;06/06/2013;No data;07/10/2013;52,70;45,90;54,10;24,56;62,20;37,80
2013;C;9;BELUGI;240;06/06/2013;No data;07/10/2013;59,00;38,71;61,29;22,60;60,85;39,15
2013;C;10;MARACANA;280;06/06/2013;No data;07/10/2013;63,50;35,59;64,41;22,11;56,84;43,16
2013;C;11;DKC4608;400;06/06/2013;No data;14/10/2013;53,54;40,00;60,00;21,60;63,02;36,98
2013;C;12;SY SYNCERO;600;06/06/2013;No data;14/10/2013;48,51;37,97;62,03;18,21;55,00;45,00
2013;C;13;YUCATAN;350;06/06/2013;No data;14/10/2013;47,84;40,98;59,02;19,91;62,84;37,16
2013;C;14;ANJOU_387;300;06/06/2013;No data;14/10/2013;37,78;44,19;55,81;17,73;60,16;39,84
2013;C;15;DEVOLVI;300;06/06/2013;No data;14/10/2013;48,03;41,07;58,93;19,34;58,88;41,12
2013;C;16;FERN�NDEZ;300;06/06/2013;No data;01/10/2013;46,68;38,30;61,70;20,32;54,46;45,54
2013;C;17;SHERLEY;300;06/06/2013;No data;25/09/2013;44,66;41,30;58,70;16,18;57,28;42,72
2013;C;18;MARTELI;300;06/06/2013;No data;25/09/2013;59,14;35,29;64,71;18,97;53,14;46,86
2013;C;19;FORBIA;200;06/06/2013;No data;07/10/2013;34,93;45,45;54,55;16,58;60,46;39,54
2013;C;20;BARSA;180;06/06/2013;No data;25/09/2013;64,27;35,71;64,29;23,32;56,83;43,17
2013;D;1;AMADEO;200;06/06/2013;No data;25/09/2013;44,11;39,22;60,78;16,17;58,83;41,17
2013;D;2;LG 30.275;260;06/06/2013;No data;25/09/2013;44,88;36,73;63,27;17,50;53,60;46,40
2013;D;3;DKC 33.90;200;06/06/2013;No data;25/09/2013;37,13;41,86;58,14;14,77;56,99;43,01
2013;D;4;DKC 41.14;200;06/06/2013;No data;01/10/2013;59,27;35,71;64,29;19,73;60,47;39,53
2013;D;5;CODILOR;260;06/06/2013;No data;07/10/2013;46,86;37,29;62,71;18,62;56,12;43,88
2013;D;6;SY KAIRO;200;06/06/2013;No data;25/09/2013;53,85;28,79;71,21;19,47;47,54;52,46
2013;D;7;LG 30.311;300;06/06/2013;No data;01/10/2013;60,05;36,00;64,00;21,59;56,44;43,56
2013;D;8;ADEVEY;280;06/06/2013;No data;07/10/2013;43,72;44,83;55,17;19,24;62,31;37,69
2013;D;9;BELUGI;240;06/06/2013;No data;07/10/2013;32,10;42,86;57,14;13,33;60,51;39,49
2013;D;10;MARACANA;280;06/06/2013;No data;07/10/2013;38,67;41,30;58,70;16,97;55,15;44,85
2013;D;11;DKC4608;400;06/06/2013;No data;14/10/2013;53,74;37,50;62,50;21,92;59,04;40,96
2013;D;12;SY SYNCERO;600;06/06/2013;No data;14/10/2013;62,53;37,84;62,16;24,53;51,87;48,13
2013;D;13;YUCATAN;350;06/06/2013;No data;14/10/2013;47,88;42,37;57,63;15,34;48,75;51,25
2013;D;14;ANJOU_387;300;06/06/2013;No data;14/10/2013;52,34;40,00;60,00;21,23;60,37;39,63
2013;D;15;DEVOLVI;300;06/06/2013;No data;14/10/2013;62,38;40,00;60,00;24,48;60,24;39,76
2013;D;16;FERN�NDEZ;300;06/06/2013;No data;01/10/2013;56,44;36,23;63,77;20,93;56,49;43,51
2013;D;17;SHERLEY;300;06/06/2013;No data;25/09/2013;54,51;33,82;66,18;17,17;53,36;46,64
2013;D;18;MARTELI;300;06/06/2013;No data;25/09/2013;68,23;36,36;63,64;21,99;52,16;47,84
2013;D;19;FORBIA;200;06/06/2013;No data;07/10/2013;50,64;40,35;59,65;19,66;60,11;39,89
2013;D;20;BARSA;180;06/06/2013;No data;25/09/2013;42,59;35,62;64,38;16,83;52,25;47,75
2014;A;1;SY KAIRO;200;21/05/2014;28/07/2014;10/09/2014;43,50;36,54;63,46;19,28;50,70;49,30
2014;A;2;AMADEO;200;21/05/2014;21/07/2014;10/09/2014;47,31;42,59;57,41;19,26;59,25;40,75
2014;A;3;DKC 41.14;200;21/05/2014;04/08/2014;18/09/2014;46,65;39,08;60,92;20,41;51,05;48,95
2014;A;4;DKC 33.90;200;21/05/2014;23/07/2014;10/09/2014;41,27;38,46;61,54;18,32;49,62;50,38
2014;A;5;BELUGI;240;21/05/2014;28/07/2014;10/09/2014;41,67;40,35;59,65;18,43;53,20;46,80
2014;A;6;CODIGREEN;210;21/05/2014;04/08/2014;10/09/2014;42,53;44,90;55,10;18,71;57,51;42,49
2014;A;7;CRAVERO;250;21/05/2014;08/08/2014;18/09/2014;47,74;34,78;65,22;19,76;52,89;47,11
2014;A;8;PENELOPE;260;21/05/2014;04/08/2014;10/09/2014;45,00;43,75;56,25;20,36;57,78;42,22
2014;A;9;TORQUAZ;400;21/05/2014;14/08/2014;01/10/2014;43,32;43,78;56,22;19,42;60,74;39,26
2014;A;10;DKC4608;400;21/05/2014;14/08/2014;01/10/2014;43,30;48,56;51,44;19,90;68,33;31,67
2014;A;11;PINCKI;350;21/05/2014;14/08/2014;01/10/2014;39,32;44,66;55,34;19,20;57,06;42,94
2014;A;12;YUCATAN;350;21/05/2014;14/08/2014;01/10/2014;32,71;46,62;53,38;15,30;60,91;39,09
2014;A;13;ANJOU_387;300;21/05/2014;14/08/2014;24/09/2014;15,74;45,45;54,55;7,88;59,64;40,36
2014;A;14;LG 30.369;300;21/05/2014;14/08/2014;24/09/2014;49,79;40,28;59,72;20,34;58,88;41,12
2014;A;15;SY SAVIO;300;21/05/2014;11/08/2014;24/09/2014;35,04;40,30;59,70;13,92;54,11;45,89
2014;A;16;SY SENKO;300;21/05/2014;11/08/2014;24/09/2014;54,50;40,00;60,00;21,36;56,62;43,38
2014;A;17;MARTELI;300;21/05/2014;11/08/2014;24/09/2014;51,27;35,42;64,58;20,32;52,27;47,73
2014;A;18;ARVEDO;300;21/05/2014;11/08/2014;18/09/2014;43,41;39,29;60,71;18,40;56,22;43,78
2014;A;19;SHERLEY;300;21/05/2014;11/08/2014;18/09/2014;47,03;39,19;60,81;19,66;56,75;43,25
2014;B;1;SY KAIRO;200;21/05/2014;28/07/2014;10/09/2014;50,03;35,85;64,15;21,44;52,29;47,71
2014;B;2;AMADEO;200;21/05/2014;21/07/2014;10/09/2014;34,32;48,57;51,43;15,36;61,89;38,11
2014;B;3;DKC 41.14;200;21/05/2014;04/08/2014;18/09/2014;36,54;42,67;57,33;16,54;59,30;40,70
2014;B;4;DKC 33.90;200;21/05/2014;23/07/2014;10/09/2014;27,11;54,84;45,16;13,91;62,61;37,39
2014;B;5;BELUGI;240;21/05/2014;28/07/2014;10/09/2014;33,60;45,45;54,55;15,00;57,51;42,49
2014;B;6;CODIGREEN;210;21/05/2014;04/08/2014;10/09/2014;40,10;48,48;51,52;18,99;59,39;40,61
2014;B;7;CRAVERO;250;21/05/2014;08/08/2014;10/09/2014;35,94;37,78;62,22;16,02;50,07;49,93
2014;B;8;PENELOPE;260;21/05/2014;04/08/2014;10/09/2014;43,41;40,00;60,00;18,00;51,58;48,42
2014;B;9;TORQUAZ;400;21/05/2014;14/08/2014;01/10/2014;49,52;42,18;57,82;21,09;62,93;37,07
2014;B;10;DKC4608;400;21/05/2014;14/08/2014;01/10/2014;54,36;40,12;59,88;23,31;61,65;38,35
2014;B;11;PINCKI;350;21/05/2014;14/08/2014;01/10/2014;43,79;44,32;55,68;20,15;59,80;40,20
2014;B;12;YUCATAN;350;21/05/2014;14/08/2014;01/10/2014;39,59;48,55;51,45;19,07;65,43;34,57
2014;B;13;ANJOU_387;300;21/05/2014;14/08/2014;24/09/2014;42,97;42,86;57,14;19,70;58,83;41,17
2014;B;14;LG 30.369;300;21/05/2014;14/08/2014;24/09/2014;52,62;40,00;60,00;21,79;58,27;41,73
2014;B;15;SY SAVIO;300;21/05/2014;11/08/2014;24/09/2014;58,77;37,88;62,12;22,75;49,82;50,18
2014;B;16;SY SENKO;300;21/05/2014;11/08/2014;24/09/2014;54,13;41,67;58,33;22,67;55,79;44,21
2014;B;17;MARTELI;300;21/05/2014;11/08/2014;24/09/2014;54,99;40,00;60,00;21,71;58,60;41,40
2014;B;18;ARVEDO;300;21/05/2014;11/08/2014;18/09/2014;48,86;39,00;61,00;19,82;56,79;43,21
2014;B;19;SHERLEY;300;21/05/2014;11/08/2014;18/09/2014;57,81;37,80;62,20;22,83;56,58;43,42
2014;C;1;SY KAIRO;200;21/05/2014;28/07/2014;10/09/2014;53,51;34,69;65,31;21,99;50,96;49,04
2014;C;2;AMADEO;200;21/05/2014;21/07/2014;10/09/2014;35,80;45,95;54,05;16,19;60,35;39,65
2014;C;3;DKC 41.14;200;21/05/2014;04/08/2014;18/09/2014;32,94;38,95;61,05;14,81;55,54;44,46
2014;C;4;DKC 33.90;200;21/05/2014;23/07/2014;10/09/2014;37,30;44,44;55,56;17,38;56,95;43,05
2014;C;5;BELUGI;240;21/05/2014;28/07/2014;10/09/2014;48,56;39,22;60,78;19,72;56,53;43,47
2014;C;6;CODIGREEN;210;21/05/2014;04/08/2014;10/09/2014;43,88;39,62;60,38;18,68;52,19;47,81
2014;C;7;CRAVERO;250;21/05/2014;08/08/2014;18/09/2014;32,97;39,66;60,34;14,74;55,54;44,46
2014;C;8;PENELOPE;260;21/05/2014;04/08/2014;10/09/2014;37,19;46,15;53,85;17,06;59,35;40,65
2014;C;9;TORQUAZ;400;21/05/2014;14/08/2014;01/10/2014;41,70;41,50;58,50;18,03;59,64;40,36
2014;C;10;DKC4608;400;21/05/2014;14/08/2014;01/10/2014;37,98;41,60;58,40;17,19;61,20;38,80
2014;C;11;PINCKI;350;21/05/2014;14/08/2014;01/10/2014;46,31;44,95;55,05;23,42;55,99;44,01
2014;C;12;YUCATAN;350;21/05/2014;14/08/2014;01/10/2014;32,44;42,05;57,95;15,22;57,65;42,35
2014;C;13;ANJOU_387;300;21/05/2014;14/08/2014;24/09/2014;43,82;40,35;59,65;18,42;58,89;41,11
2014;C;14;LG 30.369;300;21/05/2014;14/08/2014;24/09/2014;31,90;42,55;57,45;15,46;55,67;44,33
2014;C;15;SY SAVIO;300;21/05/2014;11/08/2014;24/09/2014;58,77;39,68;60,32;21,71;54,44;45,56
2014;C;16;SY SENKO;300;21/05/2014;11/08/2014;24/09/2014;54,38;41,38;58,62;22,35;57,51;42,49
2014;C;17;MARTELI;300;21/05/2014;11/08/2014;24/09/2014;38,46;44,19;55,81;18,22;56,57;43,43
2014;C;18;ARVEDO;300;21/05/2014;11/08/2014;18/09/2014;33,84;41,18;58,82;14,95;57,21;42,79
2014;C;19;SHERLEY;300;21/05/2014;11/08/2014;18/09/2014;50,04;39,71;60,29;21,20;57,49;42,51
2014;D;1;SY KAIRO;200;21/05/2014;28/07/2014;10/09/2014;47,44;31,91;68,09;19,18;46,24;53,76
2014;D;2;AMADEO;200;21/05/2014;21/07/2014;10/09/2014;48,39;39,13;60,87;18,98;56,24;43,76
2014;D;3;DKC 41.14;200;21/05/2014;04/08/2014;18/09/2014;43,60;41,67;58,33;18,87;59,64;40,36
2014;D;4;DKC 33.90;200;21/05/2014;23/07/2014;10/09/2014;32,20;41,86;58,14;13,96;55,13;44,87
2014;D;5;BELUGI;240;21/05/2014;28/07/2014;10/09/2014;50,00;34,88;65,12;19,04;50,87;49,13
2014;D;6;CODIGREEN;210;21/05/2014;04/08/2014;10/09/2014;47,33;40,54;59,46;19,38;55,71;44,29
2014;D;7;CRAVERO;250;21/05/2014;08/08/2014;18/09/2014;41,56;40,38;59,62;17,12;60,82;39,18
2014;D;8;PENELOPE;260;21/05/2014;04/08/2014;10/09/2014;42,14;41,51;58,49;18,18;55,80;44,20
2014;D;9;TORQUAZ;400;21/05/2014;14/08/2014;01/10/2014;37,91;37,06;62,94;15,72;53,65;46,35
2014;D;10;DKC4608;400;21/05/2014;14/08/2014;01/10/2014;38,63;40,68;59,32;16,08;61,90;38,10
2014;D;11;PINCKI;350;21/05/2014;14/08/2014;01/10/2014;34,69;42,59;57,41;15,27;59,17;40,83
2014;D;12;YUCATAN;350;21/05/2014;14/08/2014;01/10/2014;30,90;39,07;60,93;14,23;53,35;46,65
2014;D;13;ANJOU_387;300;21/05/2014;14/08/2014;24/09/2014;28,07;43,14;56,86;12,93;60,05;39,95
2014;D;14;LG 30.369;300;21/05/2014;14/08/2014;24/09/2014;51,53;43,04;56,96;22,37;60,20;39,80
2014;D;15;SY SAVIO;300;21/05/2014;11/08/2014;24/09/2014;37,75;36,36;63,64;15,18;47,47;52,53
2014;D;16;SY SENKO;300;21/05/2014;11/08/2014;24/09/2014;42,88;38,60;61,40;17,63;52,56;47,44
2014;D;17;MARTELI;300;21/05/2014;11/08/2014;24/09/2014;51,08;36,67;63,33;19,56;55,12;44,88
2014;D;18;ARVEDO;300;21/05/2014;11/08/2014;18/09/2014;30,89;40,82;59,18;14,47;52,37;47,63
2014;D;19;SHERLEY;300;21/05/2014;11/08/2014;18/09/2014;51,65;37,68;62,32;21,52;53,29;46,71
2015;A;1;PENELOPE;260;14/05/2015;24/07/2015;21/09/2015;55,90;35,79;64,21;25,03;50,96;49,04
2015;A;2;BELUGI;240;14/05/2015;22/07/2015;21/09/2015;62,76;37,61;62,39;25,94;56,98;43,02
2015;A;3;ES METRONOM;250;14/05/2015;24/07/2015;21/09/2015;68,12;34,68;65,32;27,62;54,57;45,43
2015;A;4;AMADEO;200;14/05/2015;22/07/2015;21/09/2015;54,65;37,98;62,02;23,38;57,62;42,38
2015;A;5;CODIGREEN;210;14/05/2015;27/07/2015;21/09/2015;64,48;37,68;62,32;28,52;53,27;46,73
2015;A;6;ZOOM;350;14/05/2015;31/07/2015;07/10/2015;63,78;43,84;56,16;28,33;61,45;38,55
2015;A;7;TORQUAZ;400;14/05/2015;31/07/2015;07/10/2015;59,23;42,63;57,37;26,49;61,26;38,74
2015;A;8;PINCKI;350;14/05/2015;04/08/2015;07/10/2015;61,64;33,87;66,13;27,04;49,00;51,00
2015;A;9;LSB 4148;350;14/05/2015;04/08/2015;07/10/2015;64,96;44,48;55,52;29,29;60,43;39,57
2015;A;10;COURTNEY;400;14/05/2015;04/08/2015;07/10/2015;67,04;42,33;57,67;31,43;56,49;43,51
2015;A;11;LBS 4324;300;14/05/2015;27/07/2015;29/09/2015;65,25;40,63;59,38;27,50;58,67;41,33
2015;A;12;ROBERI;300;14/05/2015;31/07/2015;29/09/2015;74,93;38,90;61,10;31,31;58,53;41,47
2015;A;13;ANJOU 387;300;14/05/2015;04/08/2015;29/09/2015;54,07;41,43;58,57;23,82;55,77;44,23
2015;A;15;SY SENKO;300;14/05/2015;04/08/2015;29/09/2015;71,82;40,72;59,28;30,06;58,31;41,69
2015;A;16;LG 30. 369;300;14/05/2015;31/07/2015;29/09/2015;65,00;41,43;58,57;29,04;58,97;41,03
2015;A;18;SY SAVIO;300;14/05/2015;04/08/2015;29/09/2015;71,95;41,28;58,72;29,55;57,16;42,84
2015;B;1;PENELOPE;260;14/05/2015;24/07/2015;21/09/2015;55,02;37,07;62,93;23,03;56,01;43,99
2015;B;2;BELUGI;240;14/05/2015;22/07/2015;21/09/2015;58,02;37,22;62,78;24,69;57,23;42,77
2015;B;3;ES METRONOM;250;14/05/2015;24/07/2015;21/09/2015;57,30;44,27;55,73;25,66;63,20;36,80
2015;B;4;AMADEO;200;14/05/2015;22/07/2015;21/09/2015;48,47;42,31;57,69;21,67;62,20;37,80
2015;B;5;CODIGREEN;210;14/05/2015;27/07/2015;21/09/2015;56,95;37,94;62,06;24,57;56,55;43,45
2015;B;6;ZOOM;350;14/05/2015;31/07/2015;07/10/2015;78,18;40,42;59,58;22,65;41,11;58,89
2015;B;7;TORQUAZ;400;14/05/2015;31/07/2015;07/10/2015;71,24;41,33;58,67;29,57;62,22;37,78
2015;B;8;PINCKI;350;14/05/2015;04/08/2015;07/10/2015;61,00;42,27;57,73;26,42;59,98;40,02
2015;B;9;LSB 4148;350;14/05/2015;04/08/2015;07/10/2015;69,54;40,62;59,38;30,17;57,66;42,34
2015;B;10;COURTNEY;400;14/05/2015;04/08/2015;07/10/2015;74,57;36,21;63,79;29,85;57,66;42,34
2015;B;11;LBS 4324;300;14/05/2015;27/07/2015;29/09/2015;68,75;40,33;59,67;30,75;57,89;42,11
2015;B;12;ROBERI;300;14/05/2015;31/07/2015;29/09/2015;73,07;38,18;61,82;28,42;58,67;41,33
2015;B;13;ANJOU 387;300;14/05/2015;04/08/2015;29/09/2015;57,18;41,51;58,49;27,02;54,48;45,52
2015;B;15;SY SENKO;300;14/05/2015;04/08/2015;29/09/2015;76,96;37,47;62,53;27,69;60,14;39,86
2015;B;16;LG 30. 369;300;14/05/2015;31/07/2015;29/09/2015;69,39;38,88;61,12;27,74;62,49;37,51
2015;B;18;SY SAVIO;300;14/05/2015;04/08/2015;29/09/2015;80,67;39,40;60,60;30,36;60,23;39,77
2015;C;1;PENELOPE;260;14/05/2015;24/07/2015;21/09/2015;60,48;38,00;62,00;27,71;52,77;47,23
2015;C;2;BELUGI;240;14/05/2015;22/07/2015;21/09/2015;62,57;38,50;61,50;26,95;56,41;43,59
2015;C;3;ES METRONOM;250;14/05/2015;24/07/2015;21/09/2015;61,86;29,34;70,66;26,09;45,55;54,45
2015;C;4;AMADEO;200;14/05/2015;22/07/2015;21/09/2015;50,11;38,01;61,99;21,38;58,44;41,56
2015;C;5;CODIGREEN;210;14/05/2015;27/07/2015;21/09/2015;53,75;40,06;59,94;23,38;57,29;42,71
2015;C;6;ZOOM;350;14/05/2015;31/07/2015;07/10/2015;56,76;46,83;53,17;27,07;60,75;39,25
2015;C;7;TORQUAZ;400;14/05/2015;31/07/2015;07/10/2015;66,91;43,84;56,16;30,06;61,96;38,04
2015;C;8;PINCKI;350;14/05/2015;04/08/2015;07/10/2015;64,91;43,40;56,60;29,63;61,10;38,90
2015;C;9;LSB 4148;350;14/05/2015;04/08/2015;07/10/2015;61,23;42,39;57,61;26,39;58,75;41,25
2015;C;10;COURTNEY;400;14/05/2015;04/08/2015;07/10/2015;93,22;39,38;60,62;39,82;57,28;42,72
2015;C;11;LBS 4324;300;14/05/2015;27/07/2015;29/09/2015;71,81;36,44;63,56;28,15;56,49;43,51
2015;C;12;ROBERI;300;14/05/2015;31/07/2015;29/09/2015;73,17;37,09;62,91;29,42;58,70;41,30
2015;C;13;ANJOU 387;300;14/05/2015;04/08/2015;29/09/2015;60,64;42,24;57,76;26,44;60,87;39,13
2015;C;15;SY SENKO;300;14/05/2015;04/08/2015;29/09/2015;70,76;37,28;62,72;26,14;58,02;41,98
2015;C;16;LG 30. 369;300;14/05/2015;31/07/2015;29/09/2015;64,86;41,10;58,90;27,62;62,11;37,89
2015;C;18;SY SAVIO;300;14/05/2015;04/08/2015;29/09/2015;74,92;38,54;61,46;28,75;57,14;42,86
2015;D;1;PENELOPE;260;14/05/2015;24/07/2015;21/09/2015;55,01;36,16;63,84;24,61;51,28;48,72
2015;D;2;BELUGI;240;14/05/2015;22/07/2015;21/09/2015;62,67;35,62;64,38;26,54;53,08;46,92
2015;D;3;ES METRONOM;250;14/05/2015;24/07/2015;21/09/2015;56,75;33,52;66,48;23,32;54,22;45,78
2015;D;4;AMADEO;200;14/05/2015;22/07/2015;21/09/2015;64,24;36,52;63,48;27,75;53,71;46,29
2015;D;5;CODIGREEN;200;14/05/2015;27/07/2015;21/09/2015;63,87;35,22;64,78;26,95;52,45;47,55
2015;D;6;ZOOM;350;14/05/2015;31/07/2015;07/10/2015;68,16;43,21;56,79;28,83;64,42;35,58
2015;D;7;TORQUAZ;400;14/05/2015;31/07/2015;07/10/2015;55,46;44,86;55,14;25,26;62,59;37,41
2015;D;8;PINCKI;350;14/05/2015;04/08/2015;07/10/2015;62,10;45,85;54,15;28,95;61,17;38,83
2015;D;9;LSB 4148;350;14/05/2015;04/08/2015;07/10/2015;61,41;45,18;54,82;29,45;60,83;39,17
2015;D;10;COURTNEY;400;14/05/2015;04/08/2015;07/10/2015;70,05;43,69;56,31;30,61;62,16;37,84
2015;D;11;LBS 4324;300;14/05/2015;27/07/2015;29/09/2015;63,38;38,86;61,14;28,12;57,65;42,35
2015;D;12;ROBERI;300;14/05/2015;31/07/2015;29/09/2015;73,79;35,53;64,47;28,77;55,68;44,32
2015;D;13;ANJOU 387;300;14/05/2015;04/08/2015;29/09/2015;63,94;39,73;60,27;28,47;57,10;42,90
2015;D;15;SY SENKO;300;14/05/2015;04/08/2015;29/09/2015;69,13;39,11;60,89;26,59;59,52;40,48
2015;D;16;LG 30. 369;300;14/05/2015;31/07/2015;29/09/2015;53,83;41,20;58,80;22,41;61,77;38,23
2015;D;18;SY SAVIO;300;14/05/2015;04/08/2015;29/09/2015;63,99;39,80;60,20;25,77;54,55;45,45
2016;A;1;DADIDOR;250;11/05/2016;03/08/2016;19/09/2016;42,30;43,41;56,59;21,63;55,04;44,96
2016;A;2;TANDORI;300;11/05/2016;03/08/2016;19/09/2016;42,28;45,32;54,68;19,13;59,16;40,84
2016;A;3;ITEA;300;11/05/2016;03/08/2016;19/09/2016;39,16;55,27;44,73;20,88;65,86;34,14
2016;A;4;ES METRONOM;250;11/05/2016;27/07/2016;19/09/2016;41,12;40,63;59,38;20,86;54,11;45,89
2016;A;5;SIMPATICO;260;11/05/2016;03/08/2016;19/09/2016;38,92;47,93;52,07;19,36;60,59;39,41
2016;A;6;MEGASIL;400;11/05/2016;10/08/2016;04/10/2016;33,28;51,64;48,36;18,48;63,80;36,20
2016;A;7;ZOOM;350;11/05/2016;10/08/2016;13/10/2016;42,99;42,81;57,19;21,07;58,89;41,11
2016;A;8;PARADISIO;350;11/05/2016;10/08/2016;13/10/2016;55,82;40,46;59,54;26,13;58,91;41,09
2016;A;9;LG 30.444;400;11/05/2016;10/08/2016;13/10/2016;39,51;40,35;59,65;18,65;57,21;42,79
2016;A;10;COURTNEY;400;11/05/2016;10/08/2016;13/10/2016;47,56;41,86;58,14;21,65;61,81;38,19
2016;A;11;AAPHOTHEOZ;400;11/05/2016;10/08/2016;13/10/2016;44,45;42,28;57,72;20,74;61,16;38,84
2016;A;12;ROBERI;300;11/05/2016;03/08/2016;26/09/2016;42,04;43,64;56,36;18,74;59,45;40,55
2016;A;13;CHAMBERI;200;11/05/2016;03/08/2016;26/09/2016;44,85;47,43;52,57;24,20;58,56;41,44
2016;A;14;EXTASIA;300;11/05/2016;03/08/2016;26/09/2016;45,05;47,67;52,33;22,29;62,46;37,54
2016;A;15;Anjou-387;300;11/05/2016;03/08/2016;26/09/2016;33,95;54,76;45,24;20,14;62,10;37,90
2016;A;16;LG 30.689;300;11/05/2016;10/08/2016;26/09/2016;48,28;45,19;54,81;23,34;62,63;37,37
2016;A;17;LG 30.389;300;11/05/2016;03/08/2016;26/09/2016;45,20;48,39;51,61;22,67;60,97;39,03
2016;A;18;SENKO;300;11/05/2016;10/08/2016;04/10/2016;42,70;52,07;47,93;23,78;60,01;39,99
2016;A;19;SY SAVIO;300;11/05/2016;10/08/2016;04/10/2016;47,89;48,80;51,20;26,07;58,02;41,98
2016;B;1;DADIDOR;250;11/05/2016;03/08/2016;19/09/2016;33,91;49,49;50,51;18,94;60,16;39,84
2016;B;2;TANDORI;300;11/05/2016;03/08/2016;19/09/2016;40,64;46,15;53,85;19,03;59,25;40,75
2016;B;3;ITEA;300;11/05/2016;03/08/2016;19/09/2016;35,26;46,54;53,46;16,77;63,22;36,78
2016;B;4;ES METRONOM;250;11/05/2016;27/07/2016;19/09/2016;37,64;43,87;56,13;18,78;57,74;42,26
2016;B;5;SIMPATICO;260;11/05/2016;03/08/2016;19/09/2016;36,52;48,78;51,22;18,46;60,17;39,83
2016;B;6;MEGASIL;400;11/05/2016;10/08/2016;04/10/2016;40,63;43,34;56,66;21,62;53,71;46,29
2016;B;7;ZOOM;350;11/05/2016;10/08/2016;13/10/2016;45,71;43,53;56,47;22,95;59,44;40,56
2016;B;8;PARADISIO;350;11/05/2016;10/08/2016;13/10/2016;49,95;42,62;57,38;25,06;60,89;39,11
2016;B;9;LG 30.444;400;11/05/2016;10/08/2016;13/10/2016;37,29;47,34;52,66;23,25;55,81;44,19
2016;B;10;COURTNEY;400;11/05/2016;10/08/2016;13/10/2016;40,11;43,68;56,32;20,90;59,68;40,32
2016;B;11;AAPHOTHEOZ;400;11/05/2016;10/08/2016;13/10/2016;43,62;49,76;50,24;24,56;61,96;38,04
2016;B;12;ROBERI;300;11/05/2016;03/08/2016;26/09/2016;45,61;44,70;55,30;21,64;59,36;40,64
2016;B;13;CHAMBERI;200;11/05/2016;03/08/2016;26/09/2016;40,85;44,06;55,94;19,39;60,59;39,41
2016;B;14;EXTASIA;300;11/05/2016;03/08/2016;04/10/2016;43,05;47,54;52,46;21,36;63,44;36,56
2016;B;15;Anjou-387;300;11/05/2016;03/08/2016;26/09/2016;35,07;45,82;54,18;17,71;59,48;40,52
2016;B;16;LG 30.689;300;11/05/2016;10/08/2016;26/09/2016;43,51;45,26;54,74;20,91;61,57;38,43
2016;B;17;LG 30.389;300;11/05/2016;03/08/2016;26/09/2016;43,87;45,10;54,90;21,27;58,00;42,00
2016;B;18;SENKO;300;11/05/2016;10/08/2016;04/10/2016;50,94;49,48;50,52;26,05;60,06;39,94
2016;B;19;SY SAVIO;300;11/05/2016;10/08/2016;04/10/2016;44,78;49,61;50,39;24,22;59,16;40,84
2016;C;1;DADIDOR;250;11/05/2016;03/08/2016;19/09/2016;32,88;48,76;51,24;17,65;61,30;38,70
2016;C;2;TANDORI;300;11/05/2016;03/08/2016;19/09/2016;34,99;46,70;53,30;16,74;59,30;40,70
2016;C;3;ITEA;300;11/05/2016;03/08/2016;19/09/2016;40,76;51,38;48,62;18,87;67,06;32,94
2016;C;4;ES METRONOM;250;11/05/2016;27/07/2016;19/09/2016;38,52;42,47;57,53;20,01;55,83;44,17
2016;C;5;SIMPATICO;260;11/05/2016;03/08/2016;19/09/2016;24,29;55,84;44,16;16,10;59,86;40,14
2016;C;6;MEGASIL;400;11/05/2016;10/08/2016;04/10/2016;25,01;45,12;54,88;16,99;48,13;51,87
2016;C;7;ZOOM;350;11/05/2016;10/08/2016;13/10/2016;36,98;48,11;51,89;21,39;58,34;41,66
2016;C;8;PARADISIO;350;11/05/2016;10/08/2016;13/10/2016;40,65;42,15;57,85;21,62;57,06;42,94
2016;C;9;LG 30.444;400;11/05/2016;10/08/2016;13/10/2016;23,60;46,96;53,04;14,90;58,46;41,54
2016;C;10;COURTNEY;400;11/05/2016;10/08/2016;13/10/2016;56,36;40,00;60,00;28,47;52,41;47,59
2016;C;11;AAPHOTHEOZ;400;11/05/2016;10/08/2016;13/10/2016;57,39;43,04;56,96;27,54;59,92;40,08
2016;C;12;ROBERI;300;11/05/2016;03/08/2016;26/09/2016;42,89;46,58;53,42;20,78;63,10;36,90
2016;C;13;CHAMBERI;200;11/05/2016;03/08/2016;26/09/2016;48,70;41,69;58,31;22,91;58,85;41,15
2016;C;14;EXTASIA;300;11/05/2016;03/08/2016;04/10/2016;55,46;45,45;54,55;29,28;59,81;40,19
2016;C;15;Anjou-387;300;11/05/2016;03/08/2016;26/09/2016;43,19;43,84;56,16;21,37;59,35;40,65
2016;C;16;LG 30.689;300;11/05/2016;10/08/2016;26/09/2016;46,93;43,73;56,27;22,27;58,53;41,47
2016;C;17;LG 30.389;300;11/05/2016;03/08/2016;26/09/2016;42,11;45,94;54,06;21,40;60,68;39,32
2016;C;18;SENKO;300;11/05/2016;10/08/2016;04/10/2016;54,52;44,04;55,96;24,70;62,61;37,39
2016;C;19;SY SAVIO;300;11/05/2016;10/08/2016;04/10/2016;52,87;45,76;54,24;27,92;57,31;42,69
2016;D;1;DADIDOR;250;11/05/2016;03/08/2016;19/09/2016;42,15;43,38;56,62;19,93;57,89;42,11
2016;D;2;TANDORI;300;11/05/2016;03/08/2016;19/09/2016;43,02;44,21;55,79;19,44;58,93;41,07
2016;D;3;ITEA;300;11/05/2016;03/08/2016;19/09/2016;53,33;48,99;51,01;24,54;66,11;33,89
2016;D;4;ES METRONOM;250;11/05/2016;27/07/2016;19/09/2016;33,82;48,47;51,53;17,81;61,81;38,19
2016;D;5;SIMPATICO;260;11/05/2016;03/08/2016;19/09/2016;40,99;48,80;51,20;21,60;59,85;40,15
2016;D;6;MEGASIL;400;11/05/2016;10/08/2016;04/10/2016;24,55;47,35;52,65;14,83;54,29;45,71
2016;D;7;ZOOM;350;11/05/2016;10/08/2016;13/10/2016;No data;No data;No data;No data;No data;No data
2016;D;8;PARADISIO;350;11/05/2016;10/08/2016;13/10/2016;No data;No data;No data;No data;No data;No data
2016;D;9;LG 30.444;400;11/05/2016;10/08/2016;13/10/2016;No data;No data;No data;No data;No data;No data
2016;D;10;COURTNEY;400;11/05/2016;10/08/2016;13/10/2016;No data;No data;No data;No data;No data;No data
2016;D;11;AAPHOTHEOZ;400;11/05/2016;10/08/2016;13/10/2016;No data;No data;No data;No data;No data;No data
2016;D;12;ROBERI;300;11/05/2016;03/08/2016;26/09/2016;55,02;42,03;57,97;23,78;60,92;39,08
2016;D;13;CHAMBERI;200;11/05/2016;03/08/2016;26/09/2016;33,33;48,13;51,87;17,15;61,93;38,07
2016;D;14;EXTASIA;300;11/05/2016;03/08/2016;04/10/2016;36,56;47,30;52,70;21,56;54,84;45,16
2016;D;15;Anjou-387;300;11/05/2016;03/08/2016;26/09/2016;41,53;42,14;57,86;18,94;60,84;39,16
2016;D;16;LG 30.689;300;11/05/2016;10/08/2016;26/09/2016;51,65;43,46;56,54;23,25;63,17;36,83
2016;D;17;LG 30.389;300;11/05/2016;03/08/2016;26/09/2016;54,56;44,14;55,86;25,75;58,57;41,43
2016;D;18;SENKO;300;11/05/2016;10/08/2016;04/10/2016;41,21;49,34;50,66;20,49;67,67;32,33
2016;D;19;SY SAVIO;300;11/05/2016;10/08/2016;04/10/2016;50,91;46,27;53,73;25,12;59,34;40,66
2017;A;1;MISTERI;200;08/05/2017;31/07/2017;06/09/2017;No data;34,07;65,93;No data;53,37;46,63
2017;A;2;ES METRONOM;250;08/05/2017;31/07/2017;Eliminated;No data;No data;No data;No data;No data;No data
2017;A;3;SIMPATICO KWS;260;08/05/2017;07/08/2017;06/09/2017;54,31;37,35;62,65;22,11;53,12;46,88
2017;A;4;DARIDOR;250;08/05/2017;31/07/2017;06/09/2017;44,70;39,86;60,14;17,53;57,88;42,12
2017;A;5;ITEA;300;08/05/2017;07/08/2017;06/09/2017;64,88;34,90;65,10;20,93;55,93;44,07
2017;A;6;CHAMBERI;200;08/05/2017;11/08/2017;18/09/2017;62,41;33,84;66,16;22,61;57,21;42,79
2017;A;7;ROBERI;300;08/05/2017;11/08/2017;18/09/2017;70,20;34,06;65,94;24,60;57,15;42,85
2017;A;8;DEBUSSY;350;08/05/2017;11/08/2017;26/09/2017;65,46;37,96;62,04;24,90;61,78;38,22
2017;A;9;ANJOU387;300;08/05/2017;11/08/2017;18/09/2017;63,52;35,43;64,57;25,08;54,86;45,14
2017;A;10;EXTASIA;300;08/05/2017;11/08/2017;26/09/2017;65,37;37,72;62,28;26,34;59,00;41,00
2017;A;11;SY ZEPHIR;300;08/05/2017;11/08/2017;18/09/2017;58,22;40,48;59,52;22,22;59,76;40,24
2017;A;12;KREON;300;08/05/2017;11/08/2017;18/09/2017;56,27;39,04;60,96;21,06;62,59;37,41
2017;A;13;LG 30.369;300;08/05/2017;11/08/2017;18/09/2017;57,26;35,45;64,55;20,39;59,33;40,67
2017;A;14;LG 30.444;400;08/05/2017;18/08/2017;26/09/2017;65,07;38,46;61,54;24,66;60,70;39,30
2017;A;15;AAPOTHEOZ;400;08/05/2017;18/08/2017;26/09/2017;68,91;36,55;63,45;24,45;61,26;38,74
2017;A;16;SY GIBRA;400;08/05/2017;18/08/2017;26/09/2017;57,43;45,27;54,73;26,05;60,42;39,58
2017;A;17;MADISSON;260;08/05/2017;31/07/2017;06/09/2017;54,62;36,25;63,75;20,27;57,68;42,32
2017;B;1;MISTERI;200;08/05/2017;31/07/2017;Eliminated;No data;No data;No data;No data;No data;No data
2017;B;2;ES METRONOM;250;08/05/2017;31/07/2017;Eliminated;No data;No data;No data;No data;No data;No data
2017;B;3;SIMPATICO KWS;260;08/05/2017;07/08/2017;06/09/2017;59,84;34,03;65,97;20,39;55,20;44,80
2017;B;4;DARIDOR;250;08/05/2017;31/07/2017;06/09/2017;49,97;39,55;60,45;19,23;59,64;40,36
2017;B;5;ITEA;300;08/05/2017;07/08/2017;06/09/2017;64,30;40,40;59,60;22,61;60,28;39,72
2017;B;6;CHAMBERI;200;08/05/2017;11/08/2017;18/09/2017;55,22;39,02;60,98;22,73;58,90;41,10
2017;B;7;ROBERI;300;08/05/2017;11/08/2017;18/09/2017;67,17;35,68;64,32;23,93;58,22;41,78
2017;B;8;DEBUSSY;350;08/05/2017;11/08/2017;26/09/2017;64,37;37,64;62,36;24,99;60,86;39,14
2017;B;9;ANJOU387;300;08/05/2017;11/08/2017;18/09/2017;52,55;40,86;59,14;21,45;61,07;38,93
2017;B;10;EXTASIA;300;08/05/2017;11/08/2017;26/09/2017;59,17;43,12;56,88;25,70;62,77;37,23
2017;B;11;SY ZEPHIR;300;08/05/2017;11/08/2017;18/09/2017;65,68;42,55;57,45;25,86;62,83;37,17
2017;B;12;KREON;300;08/05/2017;11/08/2017;18/09/2017;58,61;44,64;55,36;25,83;61,52;38,48
2017;B;13;LG 30.369;300;08/05/2017;11/08/2017;18/09/2017;60,34;36,46;63,54;21,42;60,50;39,50
2017;B;14;LG 30.444;400;08/05/2017;18/08/2017;26/09/2017;59,59;42,14;57,86;25,94;58,53;41,47
2017;B;15;AAPOTHEOZ;400;08/05/2017;18/08/2017;26/09/2017;63,26;40,07;59,93;25,86;60,22;39,78
2017;B;16;SY GIBRA;400;08/05/2017;18/08/2017;26/09/2017;61,57;43,16;56,84;26,02;59,74;40,26
2017;B;17;MADISSON;260;08/05/2017;31/07/2017;Eliminated;No data;No data;No data;No data;No data;No data
2017;C;1;MISTERI;200;08/05/2017;31/07/2017;06/09/2017;70,71;35,62;64,38;24,90;57,65;42,35
2017;C;2;ES METRONOM;250;08/05/2017;31/07/2017;Eliminated;No data;No data;No data;No data;No data;No data
2017;C;3;SIMPATICO KWS;260;08/05/2017;07/08/2017;06/09/2017;53,69;37,26;62,74;20,24;56,84;43,16
2017;C;4;DARIDOR;250;08/05/2017;31/07/2017;Eliminated;No data;No data;No data;No data;No data;No data
2017;C;5;ITEA;300;08/05/2017;07/08/2017;06/09/2017;69,90;34,33;65,67;21,54;56,18;43,82
2017;C;6;CHAMBERI;200;08/05/2017;11/08/2017;18/09/2017;56,28;41,03;58,97;22,89;62,16;37,84
2017;C;7;ROBERI;300;08/05/2017;11/08/2017;18/09/2017;66,21;38,75;61,25;24,81;60,39;39,61
2017;C;8;DEBUSSY;350;08/05/2017;11/08/2017;26/09/2017;64,49;39,36;60,64;26,53;59,27;40,73
2017;C;9;ANJOU387;300;08/05/2017;11/08/2017;18/09/2017;56,50;39,25;60,75;23,41;59,09;40,91
2017;C;10;EXTASIA;300;08/05/2017;11/08/2017;26/09/2017;59,50;41,05;58,95;26,03;58,41;41,59
2017;C;11;SY ZEPHIR;300;08/05/2017;11/08/2017;18/09/2017;56,63;44,84;55,16;22,72;66,50;33,50
2017;C;12;KREON;300;08/05/2017;11/08/2017;18/09/2017;62,83;39,84;60,16;23,89;60,66;39,34
2017;C;13;LG 30.369;300;08/05/2017;11/08/2017;18/09/2017;58,27;36,34;63,66;20,31;60,54;39,46
2017;C;14;LG 30.444;400;08/05/2017;18/08/2017;26/09/2017;59,41;40,17;59,83;24,42;59,25;40,75
2017;C;15;AAPOTHEOZ;400;08/05/2017;18/08/2017;26/09/2017;70,64;39,68;60,32;28,80;58,57;41,43
2017;C;16;SY GIBRA;400;08/05/2017;18/08/2017;26/09/2017;63,83;34,97;65,03;25,99;51,28;48,72
2017;C;17;MADISSON;260;08/05/2017;31/07/2017;Eliminated;No data;No data;No data;No data;No data;No data
2017;D;1;MISTERI;200;08/05/2017;31/07/2017;06/09/2017;65,95;33,59;66,41;21,52;55,63;44,37
2017;D;2;ES METRONOM;250;08/05/2017;31/07/2017;Eliminated;No data;No data;No data;No data;No data;No data
2017;D;3;SIMPATICO KWS;260;08/05/2017;07/08/2017;06/09/2017;54,94;39,36;60,64;18,06;68,45;31,55
2017;D;4;DARIDOR;250;08/05/2017;31/07/2017;06/09/2017;47,81;37,76;62,24;17,33;59,42;40,58
2017;D;5;ITEA;300;08/05/2017;07/08/2017;06/09/2017;63,84;38,93;61,07;21,35;61,78;38,22
2017;D;6;CHAMBERI;200;08/05/2017;11/08/2017;18/09/2017;56,59;40,73;59,27;23,63;61,10;38,90
2017;D;7;ROBERI;300;08/05/2017;11/08/2017;18/09/2017;66,40;37,30;62,70;24,21;58,45;41,55
2017;D;8;DEBUSSY;350;08/05/2017;11/08/2017;26/09/2017;67,29;40,78;59,22;27,04;62,02;37,98
2017;D;9;ANJOU387;300;08/05/2017;11/08/2017;18/09/2017;56,18;38,48;61,52;23,05;58,22;41,78
2017;D;10;EXTASIA;300;08/05/2017;11/08/2017;26/09/2017;61,32;42,77;57,23;28,08;59,75;40,25
2017;D;11;SY ZEPHIR;300;08/05/2017;11/08/2017;18/09/2017;57,58;45,00;55,00;25,38;60,61;39,39
2017;D;12;KREON;300;08/05/2017;11/08/2017;18/09/2017;65,81;41,47;58,53;27,23;58,23;41,77
2017;D;13;LG 30.369;300;08/05/2017;11/08/2017;18/09/2017;54,70;39,81;60,19;20,21;63,73;36,27
2017;D;14;LG 30.444;400;08/05/2017;18/08/2017;26/09/2017;52,41;42,11;57,89;23,24;60,52;39,48
2017;D;15;AAPOTHEOZ;400;08/05/2017;18/08/2017;26/09/2017;50,91;45,42;54,58;22,37;62,37;37,63
2017;D;16;SY GIBRA;400;08/05/2017;18/08/2017;26/09/2017;59,03;47,38;52,62;27,46;61,73;38,27
2017;D;17;MADISSON;260;08/05/2017;31/07/2017;06/09/2017;49,00;38,13;61,87;18,36;60,42;39,58
2018;A;1;MISTERI;200;23/05/2018;Eliminated;Eliminated;No data;No data;No data;No data;No data;No data
2018;A;2;SIMPATICO KWS;260;23/05/2018;Eliminated;Eliminated;No data;No data;No data;No data;No data;No data
2018;A;3;KONFLUENS;260;23/05/2018;10/08/2018;19/09/2018;33,01;38,31;61,69;13,87;53,93;46,07
2018;A;4;LG 31.295;200;23/05/2018;Eliminated;Eliminated;No data;No data;No data;No data;No data;No data
2018;A;5;DARIDOR;250;23/05/2018;10/08/2018;19/09/2018;20,42;38,19;61,81;9,24;53,29;46,71
2018;A;6;MADISSON;260;23/05/2018;Eliminated;Eliminated;No data;No data;No data;No data;No data;No data
2018;A;7;HOTSPOT;300;23/05/2018;17/08/2018;26/09/2018;42,14;37,12;62,88;15,89;58,58;41,42
2018;A;8;QUERZI;300;23/05/2018;21/08/2018;26/09/2018;42,18;35,79;64,21;15,40;57,14;42,86
2018;A;9;ES DEBUSSY;350;23/05/2018;Eliminated;Eliminated;No data;No data;No data;No data;No data;No data
2018;A;10;ES HORNET;300;23/05/2018;28/08/2018;26/09/2018;55,39;35,37;64,63;20,45;53,33;46,67
2018;A;11;KENOBIS;350;23/05/2018;21/08/2018;03/10/2018;22,80;42,76;57,24;9,69;60,33;39,67
2018;A;12;LG 30.369;300;23/05/2018;Eliminated;Eliminated;No data;No data;No data;No data;No data;No data
2018;A;13;SY GIBRA;400;23/05/2018;28/08/2018;03/10/2018;34,78;41,35;58,65;14,03;56,95;43,05
2018;A;14;ISULEA;400;23/05/2018;Eliminated;Eliminated;No data;No data;No data;No data;No data;No data
2018;A;15;NS 5059;400;23/05/2018;07/09/2018;03/10/2018;27,72;33,49;66,51;10,14;53,55;46,45
2018;B;1;MISTERI;200;23/05/2018;21/08/2018;19/09/2018;46,10;34,67;65,33;17,47;53,09;46,91
2018;B;2;SIMPATICO KWS;260;23/05/2018;28/08/2018;19/09/2018;42,72;35,56;64,44;17,14;51,31;48,69
2018;B;3;KONFLUENS;260;23/05/2018;10/08/2018;19/09/2018;37,12;36,91;63,09;13,63;57,44;42,56
2018;B;4;LG 31.295;200;23/05/2018;10/08/2018;19/09/2018;27,33;34,75;65,25;10,96;50,63;49,37
2018;B;5;DARIDOR;250;23/05/2018;10/08/2018;19/09/2018;26,43;40,19;59,81;11,81;55,06;44,94
2018;B;6;MADISSON;260;23/05/2018;10/08/2018;19/09/2018;39,21;37,87;62,13;15,11;57,27;42,73
2018;B;7;HOTSPOT;300;23/05/2018;10/08/2018;26/09/2018;39,98;36,36;63,64;15,52;56,28;43,72
2018;B;8;QUERZI;300;23/05/2018;28/08/2018;26/09/2018;39,84;31,61;68,39;13,93;52,09;47,91
2018;B;9;ES DEBUSSY;350;23/05/2018;28/08/2018;03/10/2018;33,61;36,25;63,75;12,98;55,77;44,23
2018;B;10;ES HORNET;300;23/05/2018;28/08/2018;26/09/2018;34,08;37,78;62,22;13,41;54,43;45,57
2018;B;11;KENOBIS;350;23/05/2018;21/08/2018;26/09/2018;21,78;37,64;62,36;8,71;57,24;42,76
2018;B;12;LG 30.369;300;23/05/2018;28/08/2018;03/10/2018;32,29;35,69;64,31;11,71;57,91;42,09
2018;B;13;SY GIBRA;400;23/05/2018;28/08/2018;03/10/2018;52,18;41,42;58,58;21,88;56,62;43,38
2018;B;14;ISULEA;400;23/05/2018;21/08/2018;03/10/2018;37,10;37,84;62,16;13,90;58,82;41,18
2018;B;15;NS 5059;400;23/05/2018;28/08/2018;03/10/2018;28,09;32,24;67,76;9,81;53,72;46,28
2018;C;1;MISTERI;200;23/05/2018;10/08/2018;19/09/2018;58,50;35,27;64,73;20,84;56,34;43,66
2018;C;2;SIMPATICO KWS;260;23/05/2018;10/08/2018;19/09/2018;41,40;35,33;64,67;16,84;50,68;49,32
2018;C;3;KONFLUENS;260;23/05/2018;03/08/2018;19/09/2018;42,03;38,11;61,89;17,29;53,90;46,10
2018;C;4;LG 31.295;200;23/05/2018;10/08/2018;19/09/2018;47,87;35,34;64,66;18,05;53,26;46,74
2018;C;5;DARIDOR;250;23/05/2018;10/08/2018;19/09/2018;34,74;41,73;58,27;15,52;58,17;41,83
2018;C;6;MADISSON;260;23/05/2018;10/08/2018;19/09/2018;41,49;38,46;61,54;15,35;58,70;41,30
2018;C;7;HOTSPOT;300;23/05/2018;10/08/2018;26/09/2018;44,25;36,59;63,41;17,06;58,08;41,92
2018;C;8;QUERZI;300;23/05/2018;28/08/2018;26/09/2018;42,17;33,13;66,88;15,05;52,37;47,63
2018;C;9;ES DEBUSSY;350;23/05/2018;28/08/2018;03/10/2018;41,16;35,17;64,83;15,49;55,98;44,02
2018;C;10;ES HORNET;300;23/05/2018;10/08/2018;26/09/2018;36,08;38,46;61,54;15,02;53,74;46,26
2018;C;11;KENOBIS;350;23/05/2018;21/08/2018;03/10/2018;40,29;35,95;64,05;16,45;54,99;45,01
2018;C;12;LG 30.369;300;23/05/2018;28/08/2018;26/09/2018;41,87;35,22;64,78;15,60;55,70;44,30
2018;C;13;SY GIBRA;400;23/05/2018;28/08/2018;03/10/2018;57,17;39,62;60,38;22,69;57,92;42,08
2018;C;14;ISULEA;400;23/05/2018;28/08/2018;03/10/2018;61,75;34,44;65,56;23,04;53,90;46,10
2018;C;15;NS 5059;400;23/05/2018;07/09/2018;03/10/2018;63,10;29,74;70,26;20,23;52,48;47,52
2018;D;1;MISTERI;200;23/05/2018;10/08/2018;19/09/2018;37,35;38,33;61,67;15,46;53,60;46,40
2018;D;2;SIMPATICO KWS;260;23/05/2018;10/08/2018;19/09/2018;43,20;35,74;64,26;17,76;50,11;49,89
2018;D;3;KONFLUENS;260;23/05/2018;10/08/2018;19/09/2018;40,72;37,96;62,04;16,08;56,22;43,78
2018;D;4;LG 31.295;200;23/05/2018;21/08/2018;19/09/2018;41,60;34,17;65,83;17,19;46,92;53,08
2018;D;5;DARIDOR;250;23/05/2018;10/08/2018;19/09/2018;30,35;44,69;55,31;14,50;58,95;41,05
2018;D;6;MADISSON;260;23/05/2018;21/08/2018;19/09/2018;32,12;37,85;62,15;12,20;55,85;44,15
2018;D;7;HOTSPOT;300;23/05/2018;21/08/2018;26/09/2018;59,79;36,89;63,11;21,81;58,75;41,25
2018;D;8;QUERZI;300;23/05/2018;07/09/2018;26/09/2018;60,94;33,85;66,15;20,15;55,88;44,12
2018;D;9;ES DEBUSSY;350;23/05/2018;07/09/2018;03/10/2018;66,58;35,75;64,25;24,75;56,12;43,88
2018;D;10;ES HORNET;300;23/05/2018;28/08/2018;26/09/2018;48,18;38,13;61,87;18,20;56,15;43,85
2018;D;11;KENOBIS;350;23/05/2018;21/08/2018;03/10/2018;47,78;39,94;60,06;19,99;56,79;43,21
2018;D;12;LG 30.369;300;23/05/2018;28/08/2018;03/10/2018;56,31;34,10;65,90;19,33;56,45;43,55
2018;D;13;SY GIBRA;400;23/05/2018;07/09/2018;03/10/2018;44,26;40,00;60,00;18,27;55,38;44,62
2018;D;14;ISULEA;400;23/05/2018;28/08/2018;03/10/2018;56,46;37,95;62,05;21,99;55,62;44,38
2018;D;15;NS 5059;400;23/05/2018;07/09/2018;03/10/2018;41,23;31,05;68,95;14,13;52,24;47,76
2019;A;1;LG 31.295;200;09/05/2019;29/07/2019;28/08/2019;50,03;31,02;68,98;17,56;43,09;56,91
2019;A;2;CODIBLUES;250;09/05/2019;29/07/2019;28/08/2019;48,26;30,68;69,32;16,78;47,42;52,58
2019;A;3;SY ORPHEUS;300;09/05/2019;07/08/2019;04/09/2019;58,22;31,93;68,07;20,23;46,13;53,87
2019;A;4;HOTSPOT;300;09/05/2019;07/08/2019;04/09/2019;62,02;28,75;71,25;19,67;46,46;53,54
2019;A;5;FILAE;300;09/05/2019;07/08/2019;04/09/2019;66,53;27,94;72,06;21,50;41,43;58,57
2019;A;6;QUERZI;300;09/05/2019;09/08/2019;12/09/2019;63,13;28,97;71,03;19,77;46,73;53,27
2019;A;7;PIXARI;300;09/05/2019;05/08/2019;04/09/2019;56,42;31,15;68,85;19,50;49,21;50,79
2019;A;8;ES HORNET;300;09/05/2019;07/08/2019;04/09/2019;59,75;33,16;66,84;20,13;46,71;53,29
2019;A;9;KIDEMOS;300;09/05/2019;07/08/2019;28/08/2019;54,05;32,78;67,22;18,17;45,51;54,49
2019;A;10;KENOBIS;350;09/05/2019;09/08/2019;12/09/2019;58,57;31,85;68,15;18,76;52,53;47,47
2019;A;11;LG 30.369 (LIMANOVA);300;09/05/2019;13/08/2019;12/09/2019;47,76;31,96;68,04;16,42;49,94;50,06
2019;A;12;KWS ROMERO;450;09/05/2019;07/08/2019;12/09/2019;55,69;36,31;63,69;19,16;54,06;45,94
2019;A;13;PESCALI;400;09/05/2019;07/08/2019;12/09/2019;53,47;34,16;65,84;19,67;49,93;50,07
2019;A;14;PIANELLO;400;09/05/2019;09/08/2019;23/09/2019;61,32;33,07;66,93;22,24;51,95;48,05
2019;A;15;ISULEA;400;09/05/2019;13/08/2019;23/09/2019;50,56;36,56;63,44;21,20;51,69;48,31
2019;A;16;NS 5059;400;09/05/2019;13/08/2019;23/09/2019;52,54;31,81;68,19;17,80;51,77;48,23
2019;A;17;SY GIBRA;400;09/05/2019;09/08/2019;23/09/2019;50,74;39,01;60,99;21,32;51,94;48,06
2019;A;18;CODIWAY;400;09/05/2019;07/08/2019;23/09/2019;54,81;35,46;64,54;23,66;49,06;50,94
2019;B;1;LG 31.295;200;09/05/2019;29/07/2019;28/08/2019;51,89;32,40;67,60;17,17;47,52;52,48
2019;B;2;CODIBLUES;250;09/05/2019;29/07/2019;28/08/2019;53,02;29,54;70,46;18,24;46,82;53,18
2019;B;3;SY ORPHEUS;300;09/05/2019;09/08/2019;04/09/2019;55,87;32,06;67,94;18,13;47,74;52,26
2019;B;4;HOTSPOT;300;09/05/2019;13/08/2019;04/09/2019;54,06;32,25;67,75;17,53;48,85;51,15
2019;B;5;FILAE;300;09/05/2019;09/08/2019;04/09/2019;65,01;29,87;70,13;21,48;44,71;55,29
2019;B;6;QUERZI;300;09/05/2019;13/08/2019;12/09/2019;65,84;30,65;69,35;20,63;47,93;52,07
2019;B;7;PIXARI;300;09/05/2019;07/08/2019;04/09/2019;55,47;31,42;68,58;17,98;50,11;49,89
2019;B;8;ES HORNET;300;09/05/2019;09/08/2019;04/09/2019;63,33;31,12;68,88;20,08;45,82;54,18
2019;B;9;KIDEMOS;300;09/05/2019;09/08/2019;28/08/2019;54,33;29,85;70,15;17,76;39,61;60,39
2019;B;10;KENOBIS;350;09/05/2019;09/08/2019;12/09/2019;58,73;31,96;68,04;19,99;50,17;49,83
2019;B;11;LG 30.369 (LIMANOVA);300;09/05/2019;13/08/2019;12/09/2019;51,91;37,09;62,91;17,06;58,74;41,26
2019;B;12;KWS ROMERO;450;09/05/2019;07/08/2019;12/09/2019;52,26;38,39;61,61;17,88;56,04;43,96
2019;B;13;PESCALI;400;09/05/2019;13/08/2019;12/09/2019;55,51;32,17;67,83;19,19;50,40;49,60
2019;B;14;PIANELLO;400;09/05/2019;13/08/2019;23/09/2019;57,02;36,66;63,34;21,32;55,94;44,06
2019;B;15;ISULEA;400;09/05/2019;13/08/2019;23/09/2019;52,68;36,83;63,17;21,30;54,01;45,99
2019;B;16;NS 5060;400;09/05/2019;13/08/2019;23/09/2019;55,46;30,62;69,38;19,44;49,81;50,19
2019;B;17;SY GIBRA;400;09/05/2019;13/08/2019;23/09/2019;46,72;35,64;64,36;18,94;50,37;49,63
2019;B;18;CODIWAY;400;09/05/2019;13/08/2019;23/09/2019;51,12;36,03;63,97;21,54;51,61;48,39
2019;C;1;LG 31.295;200;09/05/2019;31/07/2019;28/08/2019;49,38;31,39;68,61;16,89;43,35;56,65
2019;C;2;CODIBLUES;250;09/05/2019;29/07/2019;28/08/2019;43,72;29,05;70,95;14,75;47,23;52,77
2019;C;3;SY ORPHEUS;300;09/05/2019;07/08/2019;04/09/2019;55,92;32,00;68,00;17,37;50,66;49,34
2019;C;4;HOTSPOT;300;09/05/2019;09/08/2019;04/09/2019;57,03;31,62;68,38;20,31;44,95;55,05
2019;C;5;FILAE;300;09/05/2019;09/08/2019;04/09/2019;62,30;29,49;70,51;19,68;43,73;56,27
2019;C;6;QUERZI;300;09/05/2019;09/08/2019;12/09/2019;62,53;30,21;69,79;20,34;47,59;52,41
2019;C;7;PIXARI;300;09/05/2019;07/08/2019;04/09/2019;57,67;31,61;68,39;18,48;50,08;49,92
2019;C;8;ES HORNET;300;09/05/2019;09/08/2019;04/09/2019;48,90;31,93;68,07;15,47;47,49;52,51
2019;C;9;KIDEMOS;300;09/05/2019;09/08/2019;28/08/2019;43,39;30,91;69,09;14,19;40,76;59,24
2019;C;10;KENOBIS;350;09/05/2019;09/08/2019;12/09/2019;52,00;32,61;67,39;17,87;51,65;48,35
2019;C;11;LG 30.369 (LIMANOVA);300;09/05/2019;09/08/2019;12/09/2019;60,26;32,47;67,53;19,92;51,59;48,41
2019;C;12;KWS ROMERO;450;09/05/2019;05/08/2019;12/09/2019;48,94;35,81;64,19;17,95;50,91;49,09
2019;C;13;PESCALI;400;09/05/2019;07/08/2019;12/09/2019;49,24;31,27;68,73;17,77;47,83;52,17
2019;C;14;PIANELLO;400;09/05/2019;09/08/2019;23/09/2019;52,97;32,81;67,19;19,16;51,51;48,49
2019;C;15;ISULEA;400;09/05/2019;09/08/2019;23/09/2019;50,46;34,39;65,61;19,28;51,85;48,15
2019;C;16;NS 5061;400;09/05/2019;13/08/2019;23/09/2019;51,67;27,37;72,63;18,31;44,08;55,92
2019;C;17;SY GIBRA;400;09/05/2019;09/08/2019;23/09/2019;41,86;33,73;66,27;17,88;43,71;56,29
2019;C;18;CODIWAY;400;09/05/2019;07/08/2019;23/09/2019;48,52;34,51;65,49;19,49;50,27;49,73
2019;D;1;LG 31.295;200;09/05/2019;31/07/2019;28/08/2019;63,46;25,49;74,51;20,32;40,07;59,93
2019;D;2;CODIBLUES;250;09/05/2019;31/07/2019;28/08/2019;57,35;26,27;73,73;17,81;43,77;56,23
2019;D;3;SY ORPHEUS;300;09/05/2019;07/08/2019;04/09/2019;53,35;31,19;68,81;17,97;45,81;54,19
2019;D;4;HOTSPOT;300;09/05/2019;09/08/2019;04/09/2019;51,91;32,10;67,90;17,97;47,57;52,43
2019;D;5;FILAE;300;09/05/2019;09/08/2019;04/09/2019;63,95;27,54;72,46;19,58;42,59;57,41
2019;D;6;QUERZI;300;09/05/2019;13/08/2019;12/09/2019;61,96;28,83;71,17;18,23;48,94;51,06
2019;D;7;PIXARI;300;09/05/2019;09/08/2019;04/09/2019;58,86;29,90;70,10;18,71;47,21;52,79
2019;D;8;ES HORNET;300;09/05/2019;09/08/2019;04/09/2019;49,52;32,58;67,42;17,73;42,75;57,25
2019;D;9;KIDEMOS;300;09/05/2019;09/08/2019;28/09/2019;50,52;30,84;69,16;16,15;37,89;62,11
2019;D;10;KENOBIS;350;09/05/2019;13/08/2019;12/09/2019;51,32;30,22;69,78;17,76;46,32;53,68
2019;D;11;LG 30.369 (LIMANOVA);300;09/05/2019;13/08/2019;12/09/2019;49,06;32,73;67,27;16,65;51,33;48,67
2019;D;12;KWS ROMERO;450;09/05/2019;09/08/2019;12/09/2019;61,43;32,76;67,24;18,76;48,24;51,76
2019;D;13;PESCALI;400;09/05/2019;09/08/2019;12/09/2019;62,48;32,16;67,84;20,93;50,43;49,57
2019;D;14;PIANELLO;400;09/05/2019;09/08/2019;23/09/2019;76,90;31,13;68,87;27,06;48,19;51,81
2019;D;15;ISULEA;400;09/05/2019;09/08/2019;23/09/2019;74,33;29,08;70,92;27,02;45,15;54,85
2019;D;16;NS 5062;400;09/05/2019;13/08/2019;23/09/2019;64,29;35,84;64,16;22,78;57,16;42,84
2019;D;17;SY GIBRA;400;09/05/2019;13/08/2019;23/09/2019;62,10;34,74;65,26;25,21;47,01;52,99
2019;D;18;CODIWAY;400;09/05/2019;09/08/2019;23/09/2019;63,78;32,32;67,68;24,93;48,02;51,98
2020;A;1;CODIBLUES;250;06/05/2020;21/07/2020;26/08/2020;23,95;38,19;61,81;10,33;53,68;46,32
2020;A;2;AGAPIA;200;06/05/2020;21/07/2020;26/08/2020;21,02;51,88;48,12;11,70;58,90;41,10
2020;A;3;PIXARI;300;06/05/2020;29/07/2020;26/08/2020;37,25;34,41;65,59;13,75;50,11;49,89
2020;A;4;ES HORNET;300;06/05/2020;29/07/2020;02/09/2020;42,75;37,29;62,71;16,76;50,29;49,71
2020;A;5;KIDEMOS;300;06/05/2020;31/07/2020;02/09/2020;29,01;40,32;59,68;12,75;51,86;48,14
2020;A;6;LG 30.369 (LIMANOVA);300;06/05/2020;31/07/2020;02/09/2020;44,15;34,70;65,30;16,82;50,34;49,66
2020;A;7;OTIS;300;06/05/2020;21/07/2020;26/08/2020;33,63;31,39;68,61;12,15;43,19;56,81
2020;A;8;SY ORPHEUS;300;06/05/2020;27/07/2020;02/09/2020;43,76;36,77;63,23;18,57;49,31;50,69
2020;A;9;SY INFINITE;300;06/05/2020;31/07/2020;02/09/2020;36,44;34,69;65,31;14,01;47,17;52,83
2020;A;10;FILAE;300;06/05/2020;31/07/2020;09/09/2020;49,32;33,44;66,56;19,73;49,43;50,57
2020;A;11;PESCALI;400;06/05/2020;27/07/2020;09/09/2020;45,08;37,41;62,59;19,66;51,27;48,73
2020;A;12;KALABRE;400;06/05/2020;29/07/2020;09/09/2020;51,72;37,64;62,36;22,83;51,45;48,55
2020;A;13;PEPINO;400;06/05/2020;27/07/2020;09/09/2020;45,19;38,80;61,20;19,49;49,75;50,25
2020;A;14;INTELLIGENS;400;06/05/2020;29/07/2020;15/09/2020;36,38;38,36;61,64;16,20;49,90;50,10
2020;A;15;BOWEN;400;06/05/2020;29/07/2020;15/09/2020;47,63;38,89;61,11;21,22;53,30;46,70
2020;A;16;RODONIA;360;06/05/2020;21/07/2020;26/08/2020;43,13;31,02;68,98;16,67;45,78;54,22
2020;A;17;SY SANDRO;500;06/05/2020;31/07/2020;15/09/2020;50,40;36,88;63,12;20,84;51,30;48,70
2020;A;18;SY CARIOCA;400;06/05/2020;31/07/2020;15/09/2020;40,32;35,09;64,91;16,62;49,44;50,56
2020;A;19;SY BILBAO;400;06/05/2020;27/07/2020;09/09/2020;43,92;35,79;64,21;16,41;54,30;45,70
2020;A;20;PIANELLO;400;06/05/2020;31/07/2020;15/09/2020;40,55;36,42;63,58;15,75;54,65;45,35
2020;B;1;CODIBLUES;250;06/05/2020;21/07/2020;26/08/2020;26,62;40,28;59,72;11,22;57,61;42,39
2020;B;2;AGAPIA;200;06/05/2020;21/07/2020;26/08/2020;21,64;42,65;57,35;10,46;53,06;46,94
2020;B;3;PIXARI;300;06/05/2020;21/07/2020;26/08/2020;39,63;33,47;66,53;15,81;47,64;52,36
2020;B;4;ES HORNET;300;06/05/2020;29/07/2020;02/09/2020;35,78;37,83;62,17;15,52;48,98;51,02
2020;B;5;KIDEMOS;300;06/05/2020;27/07/2020;02/09/2020;33,64;44,98;55,02;16,66;53,14;46,86
2020;B;6;LG 30.369 (LIMANOVA);300;06/05/2020;27/07/2020;02/09/2020;48,01;36,65;63,35;18,62;55,28;44,72
2020;B;7;OTIS;300;06/05/2020;21/07/2020;26/08/2020;33,97;37,72;62,28;14,24;49,78;50,22
2020;B;8;SY ORPHEUS;300;06/05/2020;24/07/2020;02/09/2020;50,15;38,06;61,94;21,98;52,12;47,88
2020;B;9;SY INFINITE;300;06/05/2020;27/07/2020;02/09/2020;46,73;35,86;64,14;18,14;47,67;52,33
2020;B;10;FILAE;300;06/05/2020;27/07/2020;09/09/2020;46,30;33,01;66,99;19,23;49,88;50,12
2020;B;11;PESCALI;400;06/05/2020;27/07/2020;09/09/2020;50,33;37,71;62,29;20,06;56,43;43,57
2020;B;12;KALABRE;400;06/05/2020;27/07/2020;09/09/2020;51,00;34,78;65,22;19,88;51,40;48,60
2020;B;13;PEPINO;400;06/05/2020;29/07/2020;09/09/2020;41,15;38,99;61,01;15,37;54,90;45,10
2020;B;14;INTELLIGENS;400;06/05/2020;27/07/2020;15/09/2020;44,19;42,09;57,91;17,53;60,46;39,54
2020;B;15;BOWEN;400;06/05/2020;27/07/2020;15/09/2020;51,20;37,98;62,02;21,89;54,49;45,51
2020;B;16;RODONIA;360;06/05/2020;21/07/2020;26/08/2020;40,88;30,14;69,86;13,80;49,25;50,75
2020;B;17;SY SANDRO;500;06/05/2020;31/07/2020;15/09/2020;59,44;37,21;62,79;23,62;52,92;47,08
2020;B;18;SY CARIOCA;400;06/05/2020;29/07/2020;15/09/2020;44,34;38,64;61,36;16,67;57,39;42,61
2020;B;19;SY BILBAO;400;06/05/2020;27/07/2020;09/09/2020;50,96;33,87;66,13;19,48;47,78;52,22
2020;B;20;PIANELLO;400;06/05/2020;29/07/2020;15/09/2020;47,35;35,75;64,25;17,30;56,60;43,40
2020;C;1;CODIBLUES;250;06/05/2020;21/07/2020;26/08/2020;30,69;37,09;62,91;14,61;48,44;51,56
2020;C;2;AGAPIA;200;06/05/2020;21/07/2020;26/08/2020;30,38;44,22;55,78;16,87;49,62;50,38
2020;C;3;PIXARI;300;06/05/2020;27/07/2020;26/08/2020;44,07;33,79;66,21;15,49;48,08;51,92
2020;C;4;ES HORNET;300;06/05/2020;27/07/2020;02/09/2020;41,37;35,59;64,41;17,61;46,61;53,39
2020;C;5;KIDEMOS;300;06/05/2020;29/07/2020;02/09/2020;29,09;43,98;56,02;12,47;56,75;43,25
2020;C;6;LG 30.369 (LIMANOVA);300;06/05/2020;29/07/2020;02/09/2020;40,67;34,55;65,45;14,98;51,06;48,94
2020;C;7;OTIS;300;06/05/2020;21/07/2020;26/08/2020;38,48;37,32;62,68;14,37;52,42;47,58
2020;C;8;SY ORPHEUS;300;06/05/2020;24/07/2020;02/09/2020;38,22;36,80;63,20;16,11;50,73;49,27
2020;C;9;SY INFINITE;300;06/05/2020;29/07/2020;02/09/2020;47,85;36,05;63,95;18,60;48,95;51,05
2020;C;10;FILAE;300;06/05/2020;27/07/2020;09/09/2020;48,73;34,47;65,53;18,75;52,22;47,78
2020;C;11;PESCALI;400;06/05/2020;27/07/2020;09/09/2020;38,80;38,38;61,62;17,45;54,45;45,55
2020;C;12;KALABRE;400;06/05/2020;29/07/2020;09/09/2020;58,89;37,53;62,47;22,91;56,34;43,66
2020;C;13;PEPINO;400;06/05/2020;29/07/2020;09/09/2020;48,29;36,65;63,35;18,16;51,61;48,39
2020;C;14;INTELLIGENS;400;06/05/2020;27/07/2020;09/09/2020;52,16;42,12;57,88;21,78;59,97;40,03
2020;C;15;BOWEN;400;06/05/2020;27/07/2020;15/09/2020;46,39;40,15;59,85;18,65;60,00;40,00
2020;C;16;RODONIA;360;06/05/2020;21/07/2020;26/08/2020;31,54;32,44;67,56;11,49;49,39;50,61
2020;C;17;SY SANDRO;500;06/05/2020;31/07/2020;15/09/2020;50,72;36,63;63,37;19,87;52,07;47,93
2020;C;18;SY CARIOCA;400;06/05/2020;29/07/2020;15/09/2020;59,17;37,95;62,05;23,53;55,35;44,65
2020;C;19;SY BILBAO;400;06/05/2020;27/07/2020;09/09/2020;52,70;37,94;62,06;20,18;54,70;45,30
2020;C;20;PIANELLO;400;06/05/2020;29/07/2020;15/09/2020;43,70;36,96;63,04;17,12;56,72;43,28
2020;D;1;CODIBLUES;250;06/05/2020;21/07/2020;26/08/2020;52,36;31,74;68,26;19,53;48,45;51,55
2020;D;2;AGAPIA;200;06/05/2020;21/07/2020;26/08/2020;48,56;34,97;65,03;19,02;50,82;49,18
2020;D;3;PIXARI;300;06/05/2020;21/07/2020;26/08/2020;57,82;32,30;67,70;19,77;50,40;49,60
2020;D;4;ES HORNET;300;06/05/2020;27/07/2020;02/09/2020;58,32;36,34;63,66;22,25;51,01;48,99
2020;D;5;KIDEMOS;300;06/05/2020;27/07/2020;02/09/2020;51,79;41,97;58,03;21,31;58,03;41,97
2020;D;6;LG 30.369 (LIMANOVA);300;06/05/2020;27/07/2020;02/09/2020;53,53;34,41;65,59;20,27;51,51;48,49
2020;D;7;OTIS;300;06/05/2020;27/07/2020;26/08/2020;40,02;36,93;63,07;14,42;52,88;47,12
2020;D;8;SY ORPHEUS;300;06/05/2020;24/07/2020;02/09/2020;56,36;36,36;63,64;23,19;52,08;47,92
2020;D;9;SY INFINITE;300;06/05/2020;27/07/2020;02/09/2020;55,83;38,16;61,84;21,56;53,95;46,05
2020;D;10;FILAE;300;06/05/2020;27/07/2020;09/09/2020;57,62;33,66;66,34;21,95;52,03;47,97
2020;D;11;PESCALI;400;06/05/2020;29/07/2020;09/09/2020;48,75;37,42;62,58;20,52;51,71;48,29
2020;D;12;KALABRE;400;06/05/2020;29/07/2020;09/09/2020;51,19;35,06;64,94;20,52;50,86;49,14
2020;D;13;PEPINO;400;06/05/2020;31/07/2020;09/09/2020;44,65;38,51;61,49;17,15;53,02;46,98
2020;D;14;INTELLIGENS;400;06/05/2020;29/07/2020;15/09/2020;55,12;34,98;65,02;21,29;50,72;49,28
2020;D;15;BOWEN;400;06/05/2020;29/07/2020;15/09/2020;53,89;34,39;65,61;20,84;54,27;45,73
2020;D;16;RODONIA;360;06/05/2020;21/07/2020;26/08/2020;51,44;28,40;71,60;16,57;45,93;54,07
2020;D;17;SY SANDRO;500;06/05/2020;29/07/2020;15/09/2020;63,93;34,69;65,31;23,98;51,15;48,85
2020;D;18;SY CARIOCA;400;06/05/2020;29/07/2020;15/09/2020;50,94;38,10;61,90;20,91;53,79;46,21
2020;D;19;SY BILBAO;400;06/05/2020;29/07/2020;09/09/2020;56,76;34,85;65,15;20,64;51,07;48,93
2020;D;20;PIANELLO;400;06/05/2020;29/07/2020;15/09/2020;47,92;35,33;64,67;17,77;55,19;44,81
2021;A;1;CODIBLUES;250;05/05/2021;26/07/2021;14/09/2021;59,34;32,23;67,77;23,29;51,76;48,24
2021;A;2;ES BOND;260;05/05/2021;23/07/2021;14/09/2021;57,94;38,59;61,41;24,45;53,85;46,15
2021;A;3;ARNOLD;350;05/05/2021;05/08/2021;14/09/2021;80,02;34,63;65,37;25,56;56,18;43,82
2021;A;4;KIDEMOS;300;05/05/2021;29/07/2021;14/09/2021;58,86;38,32;61,68;21,76;60,24;39,76
2021;A;5;LG 30.369;300;05/05/2021;29/07/2021;21/09/2021;68,92;32,01;67,99;24,30;55,63;44,37
2021;A;6;SY INFINITE;300;05/05/2021;05/08/2021;14/09/2021;76,31;30,25;69,75;25,15;47,56;52,44
2021;A;7;SY ORPHEUS;300;05/05/2021;29/07/2021;21/09/2021;69,82;34,33;65,67;25,99;55,19;44,81
2021;A;8;BOWEN;400;05/05/2021;05/08/2021;21/09/2021;79,79;30,75;69,25;24,69;56,03;43,97
2021;A;9;DEVICE;400;05/05/2021;09/08/2021;21/09/2021;76,15;30,42;69,58;24,64;51,71;48,29
2021;A;10;INTELLIGENS;400;05/05/2021;05/08/2021;21/09/2021;74,30;31,97;68,03;24,71;50,87;49,13
2021;A;11;KALABRE;400;05/05/2021;05/08/2021;04/10/2021;66,24;35,36;64,64;25,56;57,27;42,73
2021;A;12;PEDINI;500;05/05/2021;09/08/2021;04/10/2021;55,31;37,56;62,44;22,81;56,60;43,40
2021;A;13;SELECTO;450;05/05/2021;05/08/2021;04/10/2021;68,50;37,36;62,64;28,22;53,02;46,98
2021;A;14;SY BILBAO;400;05/05/2021;09/08/2021;04/10/2021;69,94;35,25;64,75;27,12;54,64;45,36
2021;A;15;SY SANDRO;500;05/05/2021;09/08/2021;04/10/2021;57,18;39,73;60,27;23,71;56,48;43,52
2021;B;1;CODIBLUES;250;05/05/2021;26/07/2021;14/09/2021;57,10;33,91;66,09;24,51;51,65;48,35
2021;B;2;ES BOND;260;05/05/2021;23/07/2021;14/09/2021;56,00;44,97;55,03;24,48;63,55;36,45
2021;B;3;ARNOLD;350;05/05/2021;02/08/2021;14/09/2021;50,43;39,92;60,08;20,60;56,15;43,85
2021;B;4;KIDEMOS;300;05/05/2021;29/07/2021;14/09/2021;41,39;40,56;59,44;17,95;58,14;41,86
2021;B;5;LG 30.369;300;05/05/2021;29/07/2021;21/09/2021;55,92;38,15;61,85;22,80;60,65;39,35
2021;B;6;SY INFINITE;300;05/05/2021;05/08/2021;14/09/2021;56,16;37,29;62,71;23,05;52,11;47,89
2021;B;7;SY ORPHEUS;300;05/05/2021;29/07/2021;21/09/2021;52,93;30,73;69,27;19,77;52,00;48,00
2021;B;8;BOWEN;400;05/05/2021;29/07/2021;21/09/2021;67,17;34,20;65,80;21,69;58,34;41,66
2021;B;9;DEVICE;400;05/05/2021;02/08/2021;21/09/2021;82,92;29,23;70,77;24,74;54,19;45,81
2021;B;10;INTELLIGENS;400;05/05/2021;29/07/2021;21/09/2021;84,12;31,73;68,27;24,73;54,41;45,59
2021;B;11;KALABRE;400;05/05/2021;02/08/2021;04/10/2021;65,53;35,71;64,29;27,34;54,41;45,59
2021;B;12;PEDINI;500;05/05/2021;02/08/2021;04/10/2021;56,86;39,29;60,71;24,41;56,81;43,19
2021;B;13;SELECTO;450;05/05/2021;29/07/2021;04/10/2021;73,61;43,75;56,25;30,81;63,09;36,91
2021;B;14;SY BILBAO;400;05/05/2021;02/08/2021;04/10/2021;66,89;37,68;62,32;25,18;60,41;39,59
2021;B;15;SY SANDRO;500;05/05/2021;05/08/2021;04/10/2021;73,15;42,67;57,33;29,94;63,01;36,99
2021;C;1;CODIBLUES;250;05/05/2021;29/07/2021;14/09/2021;59,68;31,06;68,94;22,07;53,70;46,30
2021;C;2;ES BOND;260;05/05/2021;23/07/2021;14/09/2021;53,27;42,02;57,98;24,87;56,15;43,85
2021;C;3;ARNOLD;350;05/05/2021;02/08/2021;14/09/2021;59,99;36,40;63,60;21,26;54,49;45,51
2021;C;4;KIDEMOS;300;05/05/2021;29/07/2021;14/09/2021;48,44;42,47;57,53;21,85;56,61;43,39
2021;C;5;LG 30.369;300;05/05/2021;29/07/2021;21/09/2021;63,01;34,08;65,92;22,44;59,05;40,95
2021;C;6;SY INFINITE;300;05/05/2021;29/07/2021;14/09/2021;75,05;34,57;65,43;25,25;53,03;46,97
2021;C;7;SY ORPHEUS;300;05/05/2021;05/08/2021;21/09/2021;60,10;35,25;64,75;22,88;56,38;43,62
2021;C;8;BOWEN;400;05/05/2021;29/07/2021;21/09/2021;78,56;33,77;66,23;25,69;59,21;40,79
2021;C;9;DEVICE;400;05/05/2021;02/08/2021;21/09/2021;87,56;30,91;69,09;26,62;56,61;43,39
2021;C;10;INTELLIGENS;400;05/05/2021;02/08/2021;21/09/2021;74,85;34,23;65,77;25,15;52,95;47,05
2021;C;11;KALABRE;400;05/05/2021;05/08/2021;04/10/2021;66,89;36,99;63,01;26,45;58,46;41,54
2021;C;12;PEDINI;500;05/05/2021;05/08/2021;04/10/2021;68,31;36,99;63,01;26,85;56,74;43,26
2021;C;13;SELECTO;450;05/05/2021;05/08/2021;04/10/2021;69,54;39,29;60,71;26,06;59,95;40,05
2021;C;14;SY BILBAO;400;05/05/2021;05/08/2021;04/10/2021;67,78;37,84;62,16;27,39;56,50;43,50
2021;C;15;SY SANDRO;500;05/05/2021;05/08/2021;04/10/2021;69,17;42,42;57,58;27,05;62,92;37,08
2021;D;1;CODIBLUES;250;05/05/2021;26/07/2021;14/09/2021;60,83;32,99;67,01;24,41;52,59;47,41
2021;D;2;ES BOND;260;05/05/2021;23/07/2021;14/09/2021;65,24;38,10;61,90;27,41;54,38;45,62
2021;D;3;ARNOLD;350;05/05/2021;05/08/2021;14/09/2021;71,24;34,56;65,44;24,40;54,29;45,71
2021;D;4;KIDEMOS;300;05/05/2021;29/07/2021;14/09/2021;63,85;40,25;59,75;25,00;60,01;39,99
2021;D;5;LG 30.369;300;05/05/2021;29/07/2021;21/09/2021;69,90;32,66;67,34;25,89;55,44;44,56
2021;D;6;SY INFINITE;300;05/05/2021;02/08/2021;14/09/2021;76,83;29,98;70,02;25,87;47,42;52,58
2021;D;7;SY ORPHEUS;300;05/05/2021;05/08/2021;21/09/2021;69,63;32,49;67,51;25,16;54,37;45,63
2021;D;8;BOWEN;400;05/05/2021;29/07/2021;21/09/2021;80,97;32,95;67,05;25,13;60,08;39,92
2021;D;9;DEVICE;400;05/05/2021;02/08/2021;21/09/2021;71,63;33,80;66,20;24,16;56,10;43,90
2021;D;10;INTELLIGENS;400;05/05/2021;29/07/2021;21/09/2021;70,61;36,97;63,03;24,23;56,03;43,97
2021;D;11;KALABRE;400;05/05/2021;05/08/2021;04/10/2021;70,35;38,24;61,76;28,10;60,00;40,00
2021;D;12;PEDINI;500;05/05/2021;05/08/2021;04/10/2021;63,45;41,67;58,33;27,26;59,39;40,61
2021;D;13;SELECTO;450;05/05/2021;05/08/2021;04/10/2021;69,88;43,28;56,72;29,40;60,03;39,97
2021;D;14;SY BILBAO;400;05/05/2021;02/08/2021;04/10/2021;70,38;35,21;64,79;25,99;56,89;43,11
2021;D;15;SY SANDRO;500;05/05/2021;05/08/2021;04/10/2021;69,43;41,10;58,90;28,66;60,08;39,92
2022;A;1;CONBAWA;300;16/05/2022;01/08/2022;05/09/2022;77,17;29,95;70,05;22,65;54,68;45,32
2022;A;2;CONBRIO;280;16/05/2022;28/07/2022;05/09/2022;65,43;31,74;68,26;20,12;55,81;44,19
2022;A;3;ES BOND;260;16/05/2022;25/07/2022;05/09/2022;73,26;33,96;66,04;26,51;52,77;47,23
2022;A;4;ADAPTICO;300;16/05/2022;29/07/2022;05/09/2022;71,31;28,03;71,97;22,86;49,34;50,66
2022;A;5;INFINITE;300;16/05/2022;01/08/2022;15/09/2022;76,75;33,55;66,45;24,26;57,51;42,49
2022;A;6;LG 30.369;300;16/05/2022;29/07/2022;15/09/2022;71,72;34,43;65,57;23,63;61,50;38,50
2022;A;7;SOLANDRI;300;16/05/2022;29/07/2022;15/09/2022;78,46;35,57;64,43;27,05;58,62;41,38
2022;A;8;SY ARNOLD;350;16/05/2022;01/08/2022;15/09/2022;77,48;35,87;64,13;27,34;59,83;40,17
2022;A;9;DEVICE;400;16/05/2022;03/08/2022;15/09/2022;71,77;35,43;64,57;23,72;59,72;40,28
2022;A;10;EXPERTICE;400;16/05/2022;05/08/2022;03/10/2022;60,76;38,43;61,57;25,01;59,14;40,86
2022;A;11;INTELLIGENS;400;16/05/2022;01/08/2022;03/10/2022;65,34;44,17;55,83;28,24;61,73;38,27
2022;A;12;LG 31.642;600;16/05/2022;05/08/2022;03/10/2022;68,76;40,31;59,69;26,07;60,78;39,22
2022;A;13;LID6130C;400;16/05/2022;03/08/2022;03/10/2022;58,91;39,78;60,22;23,42;62,30;37,70
2022;A;14;PEDINI;500;16/05/2022;01/08/2022;15/09/2022;80,19;29,52;70,48;24,72;50,13;49,87
2022;A;15;SANDRO;500;16/05/2022;05/08/2022;03/10/2022;67,35;56,66;43,34;31,25;73,52;26,48
2022;A;16;SELECTO;450;16/05/2022;03/08/2022;03/10/2022;52,67;30,83;69,17;23,06;43,53;56,47
2022;A;17;SY BILBAO;400;16/05/2022;03/08/2022;03/10/2022;65,13;37,91;62,09;25,68;60,71;39,29
2022;A;18;SY MINERVA;350;16/05/2022;01/08/2022;05/09/2022;70,56;30,65;69,35;20,33;51,22;48,78
2022;B;1;CONBAWA;300;16/05/2022;02/08/2022;05/09/2022;68,17;32,80;67,20;21,84;56,70;43,30
2022;B;2;CONBRIO;280;16/05/2022;27/07/2022;05/09/2022;63,89;29,13;70,87;20,61;50,24;49,76
2022;B;3;ES BOND;260;16/05/2022;25/07/2022;05/09/2022;60,91;34,20;65,80;22,43;52,82;47,18
2022;B;4;ADAPTICO;300;16/05/2022;27/07/2022;05/09/2022;70,07;27,76;72,24;21,53;49,77;50,23
2022;B;5;INFINITE;300;16/05/2022;01/08/2022;15/09/2022;53,80;39,51;60,49;19,22;62,96;37,04
2022;B;6;LG 30.369;300;16/05/2022;01/08/2022;15/09/2022;52,38;35,45;64,55;17,39;61,03;38,97
2022;B;7;SOLANDRI;300;16/05/2022;01/08/2022;15/09/2022;60,99;40,85;59,15;22,58;62,92;37,08
2022;B;8;SY ARNOLD;350;16/05/2022;03/08/2022;15/09/2022;54,31;38,52;61,48;18,51;62,31;37,69
2022;B;9;DEVICE;400;16/05/2022;03/08/2022;15/09/2022;71,85;34,30;65,70;22,32;61,18;38,82
2022;B;10;EXPERTICE;400;16/05/2022;05/08/2022;03/10/2022;62,75;40,59;59,41;24,44;63,48;36,52
2022;B;11;INTELLIGENS;400;16/05/2022;01/08/2022;03/10/2022;64,37;40,49;59,51;27,62;58,08;41,92
2022;B;12;LG 31.642;600;16/05/2022;05/08/2022;03/10/2022;67,36;41,24;58,76;26,71;61,69;38,31
2022;B;13;LID6130C;400;16/05/2022;03/08/2022;03/10/2022;58,48;44,51;55,49;25,71;63,29;36,71
2022;B;14;PEDINI;500;16/05/2022;01/08/2022;15/09/2022;89,57;29,45;70,55;28,53;50,77;49,23
2022;B;15;SANDRO;500;16/05/2022;05/08/2022;03/10/2022;55,92;42,08;57,92;23,41;61,85;38,15
2022;B;16;SELECTO;450;16/05/2022;03/08/2022;03/10/2022;60,39;40,63;59,38;24,80;61,08;38,92
2022;B;17;SY BILBAO;400;16/05/2022;03/08/2022;03/10/2022;63,44;33,33;66,67;22,53;56,81;43,19
2022;B;18;SY MINERVA;350;16/05/2022;03/08/2022;05/09/2022;59,23;32,23;67,77;18,04;52,89;47,11
2022;C;1;CONBAWA;300;16/05/2022;27/07/2022;05/09/2022;67,09;30,79;69,21;21,03;54,40;45,60
2022;C;2;CONBRIO;280;16/05/2022;27/07/2022;05/09/2022;64,38;31,89;68,11;21,29;53,67;46,33
2022;C;3;ES BOND;260;16/05/2022;25/07/2022;05/09/2022;61,23;29,36;70,64;21,65;47,23;52,77
2022;C;4;ADAPTICO;300;16/05/2022;27/07/2022;05/09/2022;76,20;26,61;73,39;23,12;48,32;51,68
2022;C;5;INFINITE;300;16/05/2022;01/08/2022;15/09/2022;79,74;34,48;65,52;27,08;57,80;42,20
2022;C;6;LG 30.369;300;16/05/2022;29/07/2022;15/09/2022;63,59;35,44;64,56;21,11;61,03;38,97
2022;C;7;SOLANDRI;300;16/05/2022;29/07/2022;15/09/2022;70,25;36,10;63,90;24,88;58,12;41,88
2022;C;8;SY ARNOLD;350;16/05/2022;01/08/2022;15/09/2022;72,24;32,58;67,42;23,15;56,04;43,96
2022;C;9;DEVICE;400;16/05/2022;03/08/2022;15/09/2022;75,15;32,28;67,72;22,78;58,99;41,01
2022;C;10;EXPERTICE;400;16/05/2022;03/08/2022;03/10/2022;66,82;40,59;59,41;26,02;63,48;36,52
2022;C;11;INTELLIGENS;400;16/05/2022;01/08/2022;03/10/2022;56,41;47,28;52,72;25,41;64,61;35,39
2022;C;12;LG 31.642;600;16/05/2022;03/08/2022;03/10/2022;65,62;41,52;58,48;26,08;61,96;38,04
2022;C;13;LID6130C;400;16/05/2022;03/08/2022;03/10/2022;64,55;40,11;59,89;27,43;59,01;40,99
2022;C;14;PEDINI;500;16/05/2022;03/08/2022;15/09/2022;69,69;28,60;71,40;22,00;49,75;50,25
2022;C;15;SANDRO;500;16/05/2022;03/08/2022;03/10/2022;58,59;43,09;56,91;24,73;62,81;37,19
2022;C;16;SELECTO;450;16/05/2022;03/08/2022;03/10/2022;61,70;39,80;60,20;25,16;60,26;39,74
2022;C;17;SY BILBAO;400;16/05/2022;03/08/2022;03/10/2022;59,83;38,11;61,89;22,32;61,83;38,17
2022;C;18;SY MINERVA;350;16/05/2022;29/07/2022;05/09/2022;66,98;32,62;67,38;20,48;53,33;46,67
2022;D;1;CONBAWA;300;16/05/2022;01/08/2022;05/09/2022;66,18;31,65;68,35;20,39;56,21;43,79
2022;D;2;CONBRIO;280;16/05/2022;29/07/2022;05/09/2022;60,31;34,29;65,71;21,54;55,11;44,89
2022;D;3;ES BOND;260;16/05/2022;25/07/2022;05/09/2022;62,48;33,89;66,11;22,26;54,03;45,97
2022;D;4;ADAPTICO;300;16/05/2022;27/07/2022;05/09/2022;60,00;28,45;71,55;18,90;49,71;50,29
2022;D;5;INFINITE;300;16/05/2022;05/08/2022;15/09/2022;71,30;32,69;67,31;21,90;57,68;42,32
2022;D;6;LG 30.369;300;16/05/2022;03/08/2022;15/09/2022;60,42;38,03;61,97;20,91;66,18;33,82
2022;D;7;SOLANDRI;300;16/05/2022;01/08/2022;15/09/2022;67,06;38,67;61,33;26,02;58,74;41,26
2022;D;8;SY ARNOLD;350;16/05/2022;05/08/2022;15/09/2022;61,96;36,45;63,55;22,31;55,79;44,21
2022;D;9;DEVICE;400;16/05/2022;01/08/2022;15/09/2022;73,57;32,77;67,23;24,05;55,63;44,37
2022;D;10;EXPERTICE;400;16/05/2022;03/08/2022;03/10/2022;70,63;35,52;64,48;25,75;60,77;39,23
2022;D;11;INTELLIGENS;400;16/05/2022;01/08/2022;03/10/2022;55,89;44,12;55,88;24,30;63,37;36,63
2022;D;12;LG 31.642;600;16/05/2022;03/08/2022;03/10/2022;76,60;40,09;59,91;28,68;62,60;37,40
2022;D;13;LID6130C;400;16/05/2022;01/08/2022;03/10/2022;63,09;39,03;60,97;25,57;60,24;39,76
2022;D;14;PEDINI;500;16/05/2022;05/08/2022;15/09/2022;73,95;30,73;69,27;22,90;54,29;45,71
2022;D;15;SANDRO;500;16/05/2022;08/08/2022;03/10/2022;69,13;41,01;58,99;29,06;60,06;39,94
2022;D;16;SELECTO;450;16/05/2022;03/08/2022;03/10/2022;73,90;37,78;62,22;28,81;58,03;41,97
2022;D;17;SY BILBAO;400;16/05/2022;05/08/2022;03/10/2022;59,45;37,84;62,16;23,63;60,57;39,43
2022;D;18;SY MINERVA;350;16/05/2022;01/08/2022;05/09/2022;60,79;33,52;66,48;18,77;52,14;47,86
2023;A;1;ES BOND;260;17/05/2023;20/07/2023;31/08/2023;62,91;35,94;64,06;22,58;52,25;47,75
2023;A;2;CONBRIO;280;17/05/2023;24/07/2023;31/08/2023;59,94;29,03;70,97;19,72;46,25;53,75
2023;A;3;TRADUXIO;400;17/05/2023;28/07/2023;19/09/2023;68,05;26,26;73,74;20,87;52,64;47,36
2023;A;4;FABIO;300;17/05/2023;30/07/2023;19/09/2023;69,88;34,61;65,39;26,25;54,62;45,38
2023;A;5;GRANARIS;300;17/05/2023;26/07/2023;31/08/2023;61,17;35,53;64,47;18,78;53,89;46,11
2023;A;6;SOLANDRI;300;17/05/2023;26/07/2023;19/09/2023;65,63;35,64;64,36;26,31;54,39;45,61
2023;A;7;ADAPTICO;300;17/05/2023;26/07/2023;31/08/2023;72,62;25,61;74,39;22,46;40,13;59,87
2023;A;8;KWS HYPOLITO;350;17/05/2023;26/07/2023;19/09/2023;60,54;35,99;64,01;22,62;54,70;45,30
2023;A;9;KWS LUSITANO;330;17/05/2023;28/07/2023;19/09/2023;59,95;33,00;67,00;21,68;52,57;47,43
2023;A;10;LG 30.377;300;17/05/2023;28/07/2023;19/09/2023;53,52;33,20;66,80;18,90;59,89;40,11
2023;A;11;SY ARNOLD;350;17/05/2023;28/07/2023;25/09/2023;68,08;41,09;58,91;30,43;57,68;42,32
2023;A;12;SY TORINO;300;17/05/2023;26/07/2023;19/09/2023;60,07;35,45;64,55;23,88;55,90;44,10
2023;A;13;EXPERTICE;400;17/05/2023;28/07/2023;25/09/2023;84,36;34,46;65,54;31,91;57,08;42,92
2023;A;14;KWS MIKAELO;430;17/05/2023;26/07/2023;19/09/2023;64,30;28,43;71,57;21,92;47,75;52,25
2023;A;15;LG 31.650;600;17/05/2023;28/07/2023;25/09/2023;76,74;35,48;64,52;28,48;55,55;44,45
2023;A;16;LID6130C;400;17/05/2023;28/07/2023;25/09/2023;77,70;32,40;67,60;29,56;52,85;47,15
2023;A;17;FREEMAN;400;17/05/2023;28/07/2023;25/09/2023;72,57;35,11;64,89;28,30;55,73;44,27
2023;A;18;MAS 576.N;500;17/05/2023;04/08/2023;25/09/2023;83,41;29,37;70,63;28,51;47,32;52,68
2023;B;1;ES BOND;260;17/05/2023;24/07/2023;31/08/2023;73,86;37,93;62,07;27,13;57,49;42,51
2023;B;2;CONBRIO;280;17/05/2023;24/07/2023;31/08/2023;73,25;33,68;66,32;23,26;54,98;45,02
2023;B;3;TRADUXIO;400;17/05/2023;26/07/2023;19/09/2023;71,53;28,95;71,05;25,73;51,72;48,28
2023;B;4;FABIO;300;17/05/2023;30/07/2023;19/09/2023;62,87;34,99;65,01;24,18;54,59;45,41
2023;B;5;GRANARIS;300;17/05/2023;24/07/2023;31/08/2023;63,47;38,46;61,54;21,58;58,66;41,34
2023;B;6;SOLANDRI;300;17/05/2023;26/07/2023;19/09/2023;65,26;34,96;65,04;27,36;51,69;48,31
2023;B;7;ADAPTICO;300;17/05/2023;24/07/2023;31/08/2023;75,00;18,67;81,33;21,27;34,40;65,60
2023;B;8;KWS HYPOLITO;350;17/05/2023;26/07/2023;19/09/2023;56,68;34,17;65,83;21,78;51,56;48,44
2023;B;9;KWS LUSITANO;330;17/05/2023;26/07/2023;19/09/2023;57,33;32,09;67,91;22,94;49,95;50,05
2023;B;10;LG 30.378;300;17/05/2023;26/07/2023;19/09/2023;57,37;31,26;68,74;22,14;52,52;47,48
2023;B;11;SY ARNOLD;350;17/05/2023;26/07/2023;25/09/2023;64,26;38,31;61,69;28,91;56,25;43,75
2023;B;12;SY TORINO;300;17/05/2023;24/07/2023;19/09/2023;57,25;35,40;64,60;25,13;51,88;48,12
2023;B;13;EXPERTICE;400;17/05/2023;30/07/2023;25/09/2023;66,67;34,94;65,06;25,12;56,89;43,11
2023;B;14;KWS MIKAELO;430;17/05/2023;28/07/2023;19/09/2023;65,05;31,40;68,60;23,67;49,43;50,57
2023;B;15;LG 31.651;600;17/05/2023;31/07/2023;25/09/2023;56,80;31,97;68,03;20,42;50,41;49,59
2023;B;16;LID6130C;400;17/05/2023;31/07/2023;25/09/2023;64,01;26,15;73,85;23,36;43,25;56,75
2023;B;17;FREEMAN;400;17/05/2023;31/07/2023;25/09/2023;63,87;32,50;67,50;24,41;52,92;47,08
2023;B;18;MAS 576.N;500;17/05/2023;04/08/2023;25/09/2023;65,68;32,38;67,62;22,86;53,91;46,09
2023;C;1;ES BOND;260;17/05/2023;24/07/2023;31/08/2023;51,43;30,99;69,01;18,72;47,87;52,13
2023;C;2;CONBRIO;280;17/05/2023;24/07/2023;31/08/2023;46,27;32,97;67,03;15,65;51,62;48,38
2023;C;3;TRADUXIO;400;17/05/2023;26/07/2023;19/09/2023;72,42;25,51;74,49;24,83;47,66;52,34
2023;C;4;FABIO;300;17/05/2023;30/07/2023;19/09/2023;55,61;27,53;72,47;20,90;44,66;55,34
2023;C;5;GRANARIS;300;17/05/2023;26/07/2023;31/08/2023;61,48;33,75;66,25;20,03;52,36;47,64
2023;C;6;SOLANDRI;300;17/05/2023;26/07/2023;19/09/2023;65,57;34,17;65,83;24,18;55,50;44,50
2023;C;7;ADAPTICO;300;17/05/2023;24/07/2023;31/08/2023;83,41;22,22;77,78;24,32;38,91;61,09
2023;C;8;KWS HYPOLITO;350;17/05/2023;24/07/2023;19/09/2023;65,76;36,61;63,39;23,26;59,29;40,71
2023;C;9;KWS LUSITANO;330;17/05/2023;24/07/2023;19/09/2023;64,69;29,98;70,02;23,39;51,73;48,27
2023;C;10;LG 30.379;300;17/05/2023;26/07/2023;19/09/2023;58,87;25,19;74,81;20,99;46,77;53,23
2023;C;11;SY ARNOLD;350;17/05/2023;28/07/2023;25/09/2023;68,72;33,15;66,85;27,66;52,06;47,94
2023;C;12;SY TORINO;300;17/05/2023;24/07/2023;19/09/2023;60,50;30,13;69,87;22,66;50,64;49,36
2023;C;13;EXPERTICE;400;17/05/2023;30/07/2023;25/09/2023;88,56;34,02;65,98;31,94;55,89;44,11
2023;C;14;KWS MIKAELO;430;17/05/2023;28/07/2023;19/09/2023;69,36;30,75;69,25;23,79;50,99;49,01
2023;C;15;LG 31.652;600;17/05/2023;02/08/2023;25/09/2023;69,59;37,98;62,02;25,34;58,35;41,65
2023;C;16;LID6130C;400;17/05/2023;31/07/2023;25/09/2023;64,34;36,94;63,06;24,56;59,43;40,57
2023;C;17;FREEMAN;400;17/05/2023;31/07/2023;25/09/2023;66,90;31,82;68,18;25,83;52,39;47,61
2023;C;18;MAS 576.N;500;17/05/2023;07/08/2023;25/09/2023;67,41;32,80;67,20;22,00;54,95;45,05
2023;D;1;ES BOND;260;17/05/2023;20/07/2023;31/08/2023;51,93;39,02;60,98;20,05;56,10;43,90
2023;D;2;CONBRIO;280;17/05/2023;22/07/2023;31/08/2023;61,27;32,61;67,39;20,57;51,48;48,52
2023;D;3;TRADUXIO;400;17/05/2023;28/07/2023;19/09/2023;66,81;36,25;63,75;25,80;58,44;41,56
2023;D;4;FABIO;300;17/05/2023;30/07/2023;19/09/2023;52,65;32,90;67,10;19,98;50,70;49,30
2023;D;5;GRANARIS;300;17/05/2023;26/07/2023;31/08/2023;58,60;30,14;69,86;18,86;45,63;54,37
2023;D;6;SOLANDRI;300;17/05/2023;26/07/2023;19/09/2023;64,25;32,24;67,76;27,06;48,26;51,74
2023;D;7;ADAPTICO;300;17/05/2023;21/07/2023;31/08/2023;64,03;27,00;73,00;19,42;42,99;57,01
2023;D;8;KWS HYPOLITO;350;17/05/2023;28/07/2023;19/09/2023;56,98;36,94;63,06;23,01;54,04;45,96
2023;D;9;KWS LUSITANO;330;17/05/2023;28/07/2023;19/09/2023;64,75;36,49;63,51;24,44;57,97;42,03
2023;D;10;LG 30.380;300;17/05/2023;28/07/2023;19/09/2023;56,18;30,62;69,38;21,57;50,53;49,47
2023;D;11;SY ARNOLD;350;17/05/2023;31/07/2023;25/09/2023;58,69;41,26;58,74;26,22;59,38;40,62
2023;D;12;SY TORINO;300;17/05/2023;28/07/2023;19/09/2023;46,44;35,66;64,34;19,07;54,92;45,08
2023;D;13;EXPERTICE;400;17/05/2023;28/07/2023;25/09/2023;74,92;34,30;65,70;27,89;56,33;43,67
2023;D;14;KWS MIKAELO;430;17/05/2023;26/07/2023;19/09/2023;63,18;31,25;68,75;23,43;47,84;52,16
2023;D;15;LG 31.653;600;17/05/2023;31/07/2023;25/09/2023;77,03;33,80;66,20;29,89;51,36;48,64
2023;D;16;LID6130C;400;17/05/2023;28/07/2023;25/09/2023;75,95;36,78;63,22;32,74;54,91;45,09
2023;D;17;FREEMAN;400;17/05/2023;28/07/2023;25/09/2023;68,04;31,66;68,34;25,76;53,99;46,01
2023;D;18;MAS 576.N;500;17/05/2023;31/07/2023;25/09/2023;67,08;36,67;63,33;25,85;56,33;43,67