mean_fit_time,std_fit_time,mean_score_time,std_score_time,param_alpha,param_l1_ratio,param_max_iter,param_tol,params,split0_test_score,split1_test_score,split2_test_score,split3_test_score,mean_test_score,std_test_score,rank_test_score
0.15725725889205933,0.04980589342754619,0.009937763214111328,0.015147655052108463,0.0001,0.1,1000,0.0001,"{'alpha': 0.0001, 'l1_ratio': 0.1, 'max_iter': 1000, 'tol': 0.0001}",-18.789444828697697,-3.554264085516608,-7.3510732929791835,-32.82353404581389,-15.629579063251843,11.40135659908462,241
0.15127551555633545,0.051403296845930174,0.0003318190574645996,6.452986694933562e-05,0.0001,0.1,1000,0.001,"{'alpha': 0.0001, 'l1_ratio': 0.1, 'max_iter': 1000, 'tol': 0.001}",-18.789444828697697,-3.554264085516608,-7.3510732929791835,-32.82353404581389,-15.629579063251843,11.40135659908462,241
0.11800861358642578,0.02037386789720445,0.0004947781562805176,0.000196058541199538,0.0001,0.1,1000,0.01,"{'alpha': 0.0001, 'l1_ratio': 0.1, 'max_iter': 1000, 'tol': 0.01}",-18.789444828697697,-3.554264085516608,-7.3510732929791835,-32.82353404581389,-15.629579063251843,11.40135659908462,241
0.14801305532455444,0.006627117954331955,0.0003657341003417969,2.441841604487166e-05,0.0001,0.1,2000,0.0001,"{'alpha': 0.0001, 'l1_ratio': 0.1, 'max_iter': 2000, 'tol': 0.0001}",-24.740631888791402,-3.4250943049611733,-7.375439847814656,-31.322158285638615,-16.71583108180146,11.63646010233151,267
0.18356144428253174,0.016105970051852197,0.001088261604309082,0.0011743870775757699,0.0001,0.1,2000,0.001,"{'alpha': 0.0001, 'l1_ratio': 0.1, 'max_iter': 2000, 'tol': 0.001}",-24.740631888791402,-3.4250943049611733,-7.375439847814656,-31.322158285638615,-16.71583108180146,11.63646010233151,267
0.19373929500579834,0.01129748700311114,0.0004703402519226074,0.0001612694511831407,0.0001,0.1,2000,0.01,"{'alpha': 0.0001, 'l1_ratio': 0.1, 'max_iter': 2000, 'tol': 0.01}",-24.740631888791402,-3.4250943049611733,-7.375439847814656,-31.322158285638615,-16.71583108180146,11.63646010233151,267
0.3681507110595703,0.023546565400278847,0.0005762577056884766,0.00023433059528083145,0.0001,0.1,5000,0.0001,"{'alpha': 0.0001, 'l1_ratio': 0.1, 'max_iter': 5000, 'tol': 0.0001}",-25.012864228214337,-3.319407130287274,-7.422212931208486,-32.156851730810374,-16.97783400513012,11.96690027331845,271
0.4454765319824219,0.021443140559228704,0.00047451257705688477,0.00011370333953817619,0.0001,0.1,5000,0.001,"{'alpha': 0.0001, 'l1_ratio': 0.1, 'max_iter': 5000, 'tol': 0.001}",-25.012864228214337,-3.319407130287274,-7.422212931208486,-32.156851730810374,-16.97783400513012,11.96690027331845,271
0.4285971522331238,0.029006723197157983,0.00034040212631225586,1.823814474131222e-05,0.0001,0.1,5000,0.01,"{'alpha': 0.0001, 'l1_ratio': 0.1, 'max_iter': 5000, 'tol': 0.01}",-25.012864228214337,-3.319407130287274,-7.422212931208486,-32.156851730810374,-16.97783400513012,11.96690027331845,271
0.07579517364501953,0.004567478131758159,0.0003858804702758789,4.742747240361591e-05,0.0001,0.3,1000,0.0001,"{'alpha': 0.0001, 'l1_ratio': 0.3, 'max_iter': 1000, 'tol': 0.0001}",-21.582562871018744,-3.6439412543583445,-7.390341336075803,-31.54704503908939,-16.040972625135574,11.176619711112812,255
0.08736950159072876,0.007962549233065812,0.0003635287284851074,4.948646691564207e-05,0.0001,0.3,1000,0.001,"{'alpha': 0.0001, 'l1_ratio': 0.3, 'max_iter': 1000, 'tol': 0.001}",-21.582562871018744,-3.6439412543583445,-7.390341336075803,-31.54704503908939,-16.040972625135574,11.176619711112812,255
0.09883344173431396,0.003321884875491382,0.0005677938461303711,0.00020451676486587373,0.0001,0.3,1000,0.01,"{'alpha': 0.0001, 'l1_ratio': 0.3, 'max_iter': 1000, 'tol': 0.01}",-21.582562871018744,-3.6439412543583445,-7.390341336075803,-31.54704503908939,-16.040972625135574,11.176619711112812,255
0.13115715980529785,0.015994102271857748,0.0005111098289489746,0.00016007604992492462,0.0001,0.3,2000,0.0001,"{'alpha': 0.0001, 'l1_ratio': 0.3, 'max_iter': 2000, 'tol': 0.0001}",-28.809765515795625,-3.3561348615326634,-7.397008198108315,-32.75112969784507,-18.07850956832042,12.857764426645685,293
0.1479387879371643,0.006580689157251811,0.0003165602684020996,2.6845325895923865e-05,0.0001,0.3,2000,0.001,"{'alpha': 0.0001, 'l1_ratio': 0.3, 'max_iter': 2000, 'tol': 0.001}",-28.809765515795625,-3.3561348615326634,-7.397008198108315,-32.75112969784507,-18.07850956832042,12.857764426645685,293
0.1570250391960144,0.014772593575126346,0.0003299713134765625,3.088187915165148e-05,0.0001,0.3,2000,0.01,"{'alpha': 0.0001, 'l1_ratio': 0.3, 'max_iter': 2000, 'tol': 0.01}",-28.809765515795625,-3.3561348615326634,-7.397008198108315,-32.75112969784507,-18.07850956832042,12.857764426645685,293
0.3315979838371277,0.06088506137142268,0.0007082223892211914,0.00018542662992606756,0.0001,0.3,5000,0.0001,"{'alpha': 0.0001, 'l1_ratio': 0.3, 'max_iter': 5000, 'tol': 0.0001}",-25.898525222136293,-3.368778574338706,-7.616238776864798,-33.86081603796363,-17.686089652825856,12.604098190632403,280
0.41869068145751953,0.07097765354772785,0.0006530284881591797,0.00018715121928987444,0.0001,0.3,5000,0.001,"{'alpha': 0.0001, 'l1_ratio': 0.3, 'max_iter': 5000, 'tol': 0.001}",-25.898525222136293,-3.368778574338706,-7.616238776864798,-33.86081603796363,-17.686089652825856,12.604098190632403,280
0.4197121858596802,0.03784384320969466,0.0005497932434082031,0.0002705210500624226,0.0001,0.3,5000,0.01,"{'alpha': 0.0001, 'l1_ratio': 0.3, 'max_iter': 5000, 'tol': 0.01}",-25.898525222136293,-3.368778574338706,-7.616238776864798,-33.86081603796363,-17.686089652825856,12.604098190632403,280
0.07126694917678833,0.015161511798738548,0.0009483695030212402,0.0002539619761417466,0.0001,0.5,1000,0.0001,"{'alpha': 0.0001, 'l1_ratio': 0.5, 'max_iter': 1000, 'tol': 0.0001}",-23.283990294288117,-3.604138242440369,-7.36808102462082,-32.16859780097532,-16.606201840581157,11.63161167552601,264
0.09185051918029785,0.009395235928382204,0.0008792281150817871,0.00037487541832242763,0.0001,0.5,1000,0.001,"{'alpha': 0.0001, 'l1_ratio': 0.5, 'max_iter': 1000, 'tol': 0.001}",-23.283990294288117,-3.604138242440369,-7.36808102462082,-31.783959934310015,-16.510042373914832,11.503442385134907,263
0.08440220355987549,0.03293392596205241,0.000585019588470459,0.00024187663994882508,0.0001,0.5,1000,0.01,"{'alpha': 0.0001, 'l1_ratio': 0.5, 'max_iter': 1000, 'tol': 0.01}",-23.283990294288117,-3.604138242440369,-7.36808102462082,-33.20696209977645,-16.86579291528144,11.982331615047434,270
0.15470272302627563,0.05249506876924901,0.000738680362701416,0.00029094830706992024,0.0001,0.5,2000,0.0001,"{'alpha': 0.0001, 'l1_ratio': 0.5, 'max_iter': 2000, 'tol': 0.0001}",-30.399596010472465,-3.3418116051200806,-7.443892152553534,-34.33276667294855,-18.879516610273658,13.635513837509276,309
0.15075796842575073,0.0560568981372446,0.000652015209197998,0.00017347334627596566,0.0001,0.5,2000,0.001,"{'alpha': 0.0001, 'l1_ratio': 0.5, 'max_iter': 2000, 'tol': 0.001}",-30.399596010472465,-3.3418116051200806,-7.443892152553534,-31.783959934310015,-18.242314925614025,12.94031072373844,298
0.13554084300994873,0.05676128936389505,0.0009327530860900879,0.0005162709320777536,0.0001,0.5,2000,0.01,"{'alpha': 0.0001, 'l1_ratio': 0.5, 'max_iter': 2000, 'tol': 0.01}",-30.399596010472465,-3.3418116051200806,-7.443892152553534,-33.20696209977645,-18.598065466980632,13.321644495167407,302
0.28729724884033203,0.014679160082865062,0.0003268122673034668,1.0357325404339729e-05,0.0001,0.5,5000,0.0001,"{'alpha': 0.0001, 'l1_ratio': 0.5, 'max_iter': 5000, 'tol': 0.0001}",-28.686524026582255,-3.36018000277686,-7.629551488758373,-34.290114568866045,-18.491592521745883,13.233230024101863,301
0.28444695472717285,0.12705127927301904,0.00043201446533203125,0.0001945516788376694,0.0001,0.5,5000,0.001,"{'alpha': 0.0001, 'l1_ratio': 0.5, 'max_iter': 5000, 'tol': 0.001}",-28.686524026582255,-3.36018000277686,-7.629551488758373,-31.783959934310015,-17.865053863106876,12.509966399608578,286
0.3079458475112915,0.166224002416359,0.0004782676696777344,0.0002684392040704604,0.0001,0.5,5000,0.01,"{'alpha': 0.0001, 'l1_ratio': 0.5, 'max_iter': 5000, 'tol': 0.01}",-28.686524026582255,-3.36018000277686,-7.629551488758373,-33.20696209977645,-18.220804404473483,12.914420289060848,297
0.06428486108779907,0.008011521613972582,0.000588834285736084,0.0002915268172464747,0.0001,0.7,1000,0.0001,"{'alpha': 0.0001, 'l1_ratio': 0.7, 'max_iter': 1000, 'tol': 0.0001}",-25.933477486978603,-3.622330891399439,-7.362646244902653,-32.44313835518515,-17.34039824461646,12.141609001570663,274
0.07606637477874756,0.009789872815044539,0.00029468536376953125,3.509979827121122e-05,0.0001,0.7,1000,0.001,"{'alpha': 0.0001, 'l1_ratio': 0.7, 'max_iter': 1000, 'tol': 0.001}",-25.933477486978603,-3.622330891399439,-7.362646244902653,-32.44313835518515,-17.34039824461646,12.141609001570663,274
0.06540822982788086,0.02802913866210182,0.00036776065826416016,0.00014045722932349867,0.0001,0.7,1000,0.01,"{'alpha': 0.0001, 'l1_ratio': 0.7, 'max_iter': 1000, 'tol': 0.01}",-25.933477486978603,-3.622330891399439,-7.362646244902653,-33.19537156594557,-17.52845654730657,12.377607130014285,279
0.1169094443321228,0.006848558280583464,0.0004067420959472656,0.00018701912610475752,0.0001,0.7,2000,0.0001,"{'alpha': 0.0001, 'l1_ratio': 0.7, 'max_iter': 2000, 'tol': 0.0001}",-33.094323115066764,-3.3254424896100363,-7.543510189841814,-35.34051811315445,-19.825948476918263,14.49031249360172,315
0.15032583475112915,0.004510129221297856,0.0006451606750488281,0.00023143070541550267,0.0001,0.7,2000,0.001,"{'alpha': 0.0001, 'l1_ratio': 0.7, 'max_iter': 2000, 'tol': 0.001}",-33.094323115066764,-3.3254424896100363,-7.543510189841814,-35.34051811315445,-19.825948476918263,14.49031249360172,315
0.12714368104934692,0.06200011111890656,0.0004190206527709961,0.00023072128809449455,0.0001,0.7,2000,0.01,"{'alpha': 0.0001, 'l1_ratio': 0.7, 'max_iter': 2000, 'tol': 0.01}",-33.094323115066764,-3.3254424896100363,-7.543510189841814,-33.19537156594557,-19.289661840116047,13.93525936211329,310
0.28018176555633545,0.03059126367551656,0.00033152103424072266,3.250612407453163e-05,0.0001,0.7,5000,0.0001,"{'alpha': 0.0001, 'l1_ratio': 0.7, 'max_iter': 5000, 'tol': 0.0001}",-30.25492588505059,-3.5599118292149723,-7.662495227469428,-36.19269857489395,-19.417507879157235,14.040123991949626,312
0.3433590531349182,0.00872955342883814,0.0004958510398864746,0.00020665557841898426,0.0001,0.7,5000,0.001,"{'alpha': 0.0001, 'l1_ratio': 0.7, 'max_iter': 5000, 'tol': 0.001}",-30.25492588505059,-3.5599118292149723,-7.662495227469428,-36.19269857489395,-19.417507879157235,14.040123991949626,312
0.22936522960662842,0.1397416097407951,0.00041109323501586914,0.00017152144561729453,0.0001,0.7,5000,0.01,"{'alpha': 0.0001, 'l1_ratio': 0.7, 'max_iter': 5000, 'tol': 0.01}",-30.25492588505059,-3.5599118292149723,-7.641012837295177,-33.19537156594557,-18.662805529376577,13.182849106066474,307
0.06286799907684326,0.005677237564780766,0.0004895329475402832,0.00014905779838038827,0.0001,0.9,1000,0.0001,"{'alpha': 0.0001, 'l1_ratio': 0.9, 'max_iter': 1000, 'tol': 0.0001}",-27.592294593759924,-3.5406453760456387,-7.371069836822359,-33.12436873148128,-17.9070946345273,12.67646650319528,290
0.06914520263671875,0.009502943605207191,0.0006175041198730469,0.00019204339055590834,0.0001,0.9,1000,0.001,"{'alpha': 0.0001, 'l1_ratio': 0.9, 'max_iter': 1000, 'tol': 0.001}",-27.592294593759924,-3.5406453760456387,-7.371069836822359,-33.12436873148128,-17.9070946345273,12.67646650319528,290
0.06487298011779785,0.028514366604593614,0.0004544854164123535,0.00015240359865263897,0.0001,0.9,1000,0.01,"{'alpha': 0.0001, 'l1_ratio': 0.9, 'max_iter': 1000, 'tol': 0.01}",-27.592294593759924,-3.5406453760456387,-7.371069836822359,-33.190382328034055,-17.923598033665492,12.696294482628229,292
0.11567622423171997,0.004261588935764842,0.0004819035530090332,0.00030781927077613895,0.0001,0.9,2000,0.0001,"{'alpha': 0.0001, 'l1_ratio': 0.9, 'max_iter': 2000, 'tol': 0.0001}",-36.70646232628689,-3.3161151338237866,-7.589841250119478,-35.91183492968285,-20.88106340997825,15.504445634918458,321
0.1481020450592041,0.007682279761275194,0.0005508661270141602,0.00024001673670550448,0.0001,0.9,2000,0.001,"{'alpha': 0.0001, 'l1_ratio': 0.9, 'max_iter': 2000, 'tol': 0.001}",-36.70646232628689,-3.3161151338237866,-7.589841250119478,-35.91183492968285,-20.88106340997825,15.504445634918458,321
0.11504906415939331,0.05624102205191413,0.000645756721496582,0.0004556049137219693,0.0001,0.9,2000,0.01,"{'alpha': 0.0001, 'l1_ratio': 0.9, 'max_iter': 2000, 'tol': 0.01}",-36.70646232628689,-3.3161151338237866,-7.589218780101251,-33.190382328034055,-20.200544642061494,14.877085580865067,319
0.2533301115036011,0.010490848121284091,0.0004742145538330078,0.00023612276022213905,0.0001,0.9,5000,0.0001,"{'alpha': 0.0001, 'l1_ratio': 0.9, 'max_iter': 5000, 'tol': 0.0001}",-29.85482498997381,-3.8453495278950727,-7.744771346274423,-38.12939363649986,-19.89358487516079,14.464703191959837,317
0.281183660030365,0.05801137130321855,0.0005347132682800293,0.00037500648198881235,0.0001,0.9,5000,0.001,"{'alpha': 0.0001, 'l1_ratio': 0.9, 'max_iter': 5000, 'tol': 0.001}",-29.85482498997381,-3.8453495278950727,-7.727561305775933,-36.183553200775656,-19.402822256105118,13.867083039824045,311
0.2142503261566162,0.1450066104225009,0.00038617849349975586,0.00013502054561467702,0.0001,0.9,5000,0.01,"{'alpha': 0.0001, 'l1_ratio': 0.9, 'max_iter': 5000, 'tol': 0.01}",-29.85482498997381,-3.8453495278950727,-7.589218780101251,-33.190382328034055,-18.619943906501046,13.023879650683803,303
0.05897927284240723,0.0028370004834864042,0.0002906918525695801,2.137497689436835e-05,0.0001,1.0,1000,0.0001,"{'alpha': 0.0001, 'l1_ratio': 1.0, 'max_iter': 1000, 'tol': 0.0001}",-28.756088921261586,-3.5085822468331815,-7.3630636729045875,-33.52178030154566,-18.287378785636253,13.032980945175998,299
0.07330155372619629,0.004346151589663512,0.0005879402160644531,0.00017986141800332005,0.0001,1.0,1000,0.001,"{'alpha': 0.0001, 'l1_ratio': 1.0, 'max_iter': 1000, 'tol': 0.001}",-28.756088921261586,-3.5085822468331815,-7.3630636729045875,-33.52178030154566,-18.287378785636253,13.032980945175998,299
0.06435120105743408,0.028703171344242513,0.000530540943145752,0.0002669941278803524,0.0001,1.0,1000,0.01,"{'alpha': 0.0001, 'l1_ratio': 1.0, 'max_iter': 1000, 'tol': 0.01}",-28.756088921261586,-3.5085822468331815,-7.3630636729045875,-33.18258641789335,-18.202580314723175,12.934313153456516,296
0.11818927526473999,0.00510744914605717,0.00054931640625,0.0004539429953225424,0.0001,1.0,2000,0.0001,"{'alpha': 0.0001, 'l1_ratio': 1.0, 'max_iter': 2000, 'tol': 0.0001}",-38.13955209973872,-3.331787132424335,-7.586132725582681,-35.90828689856447,-21.24143971407755,15.873607600960483,323
0.13396817445755005,0.003945709650201274,0.0005888938903808594,0.00017819017654129336,0.0001,1.0,2000,0.001,"{'alpha': 0.0001, 'l1_ratio': 1.0, 'max_iter': 2000, 'tol': 0.001}",-38.13955209973872,-3.331787132424335,-7.586132725582681,-35.90828689856447,-21.24143971407755,15.873607600960483,323
0.10339617729187012,0.05361984582370888,0.0004280209541320801,0.00023076845593948225,0.0001,1.0,2000,0.01,"{'alpha': 0.0001, 'l1_ratio': 1.0, 'max_iter': 2000, 'tol': 0.01}",-38.13955209973872,-3.331787132424335,-7.54709965695163,-33.18258641789335,-20.55025632675201,15.284934200844212,320
0.25954049825668335,0.025651130182803863,0.0005584359169006348,0.0003046259161526297,0.0001,1.0,5000,0.0001,"{'alpha': 0.0001, 'l1_ratio': 1.0, 'max_iter': 5000, 'tol': 0.0001}",-29.798830976513834,-3.981085235816173,-7.794119753521178,-38.861412918196145,-20.108862221011833,14.639943004140227,318
0.29050105810165405,0.0674725455820991,0.0003573298454284668,4.936139143288721e-05,0.0001,1.0,5000,0.001,"{'alpha': 0.0001, 'l1_ratio': 1.0, 'max_iter': 5000, 'tol': 0.001}",-29.798830976513834,-3.981085235816173,-7.737330254614959,-36.44326525410777,-19.490127930263185,13.895474822040198,314
0.20012331008911133,0.14099557552699837,0.00042569637298583984,0.00017742519726353465,0.0001,1.0,5000,0.01,"{'alpha': 0.0001, 'l1_ratio': 1.0, 'max_iter': 5000, 'tol': 0.01}",-30.612539386412614,-3.449676890000914,-7.54709965695163,-33.18258641789335,-18.697975587814625,13.30989696253264,308
0.07262486219406128,0.007912805558933965,0.000310361385345459,4.855708400799065e-05,0.001,0.1,1000,0.0001,"{'alpha': 0.001, 'l1_ratio': 0.1, 'max_iter': 1000, 'tol': 0.0001}",-17.206158430240066,-3.3177496265735185,-7.297825852992974,-31.819567318205763,-14.910325307003081,10.994672277596147,229
0.07336926460266113,0.004856573695562581,0.00043570995330810547,0.00014800307390713677,0.001,0.1,1000,0.001,"{'alpha': 0.001, 'l1_ratio': 0.1, 'max_iter': 1000, 'tol': 0.001}",-17.206158430240066,-3.3177496265735185,-7.297825852992974,-31.819567318205763,-14.910325307003081,10.994672277596147,229
0.08381372690200806,0.008535788290088157,0.00042933225631713867,0.0002289154464536274,0.001,0.1,1000,0.01,"{'alpha': 0.001, 'l1_ratio': 0.1, 'max_iter': 1000, 'tol': 0.01}",-17.206158430240066,-3.3177496265735185,-7.297825852992974,-31.819567318205763,-14.910325307003081,10.994672277596147,229
0.12341266870498657,0.005302661538005362,0.0003235340118408203,2.3849009394967434e-05,0.001,0.1,2000,0.0001,"{'alpha': 0.001, 'l1_ratio': 0.1, 'max_iter': 2000, 'tol': 0.0001}",-11.820835556291131,-3.3737242102086444,-6.785910699148088,-27.985134142283087,-12.491401151982737,9.436499275615837,183
0.14917296171188354,0.011748898714620915,0.0005105733871459961,0.00020179583607641467,0.001,0.1,2000,0.001,"{'alpha': 0.001, 'l1_ratio': 0.1, 'max_iter': 2000, 'tol': 0.001}",-11.820835556291131,-3.3737242102086444,-6.785910699148088,-27.985134142283087,-12.491401151982737,9.436499275615837,183
0.15808141231536865,0.010158824183758606,0.00038677453994750977,0.0001050304031353903,0.001,0.1,2000,0.01,"{'alpha': 0.001, 'l1_ratio': 0.1, 'max_iter': 2000, 'tol': 0.01}",-11.820835556291131,-3.3737242102086444,-6.785910699148088,-27.985134142283087,-12.491401151982737,9.436499275615837,183
0.30803346633911133,0.02274174335172444,0.0004404783248901367,0.00017698918551660458,0.001,0.1,5000,0.0001,"{'alpha': 0.001, 'l1_ratio': 0.1, 'max_iter': 5000, 'tol': 0.0001}",-13.588244174028922,-3.346513140797723,-6.68099625478689,-22.665165728840332,-11.570229824613467,7.394323931728607,124
0.36427563428878784,0.015278836139750524,0.00047785043716430664,0.00015856380450116568,0.001,0.1,5000,0.001,"{'alpha': 0.001, 'l1_ratio': 0.1, 'max_iter': 5000, 'tol': 0.001}",-13.588244174028922,-3.346513140797723,-6.68099625478689,-22.665165728840332,-11.570229824613467,7.394323931728607,124
0.35474157333374023,0.028845082279884787,0.0005300641059875488,0.00016867228803197476,0.001,0.1,5000,0.01,"{'alpha': 0.001, 'l1_ratio': 0.1, 'max_iter': 5000, 'tol': 0.01}",-13.588244174028922,-3.346513140797723,-6.68099625478689,-22.665165728840332,-11.570229824613467,7.394323931728607,124
0.05488640069961548,0.0017158758161338083,0.0002619028091430664,1.7994285889856193e-05,0.001,0.3,1000,0.0001,"{'alpha': 0.001, 'l1_ratio': 0.3, 'max_iter': 1000, 'tol': 0.0001}",-18.917616191119645,-3.3338134405748874,-7.575540713693696,-32.610130626171355,-15.609275242889895,11.34903141834886,237
0.06064796447753906,0.008641221074035072,0.00038552284240722656,0.00018962072772592611,0.001,0.3,1000,0.001,"{'alpha': 0.001, 'l1_ratio': 0.3, 'max_iter': 1000, 'tol': 0.001}",-18.917616191119645,-3.3338134405748874,-7.575540713693696,-32.610130626171355,-15.609275242889895,11.34903141834886,237
0.05389368534088135,0.011448539242845045,0.0002684593200683594,1.539693080971009e-05,0.001,0.3,1000,0.01,"{'alpha': 0.001, 'l1_ratio': 0.3, 'max_iter': 1000, 'tol': 0.01}",-18.917616191119645,-3.3338134405748874,-7.621776970310899,-33.313171051007885,-15.79659441325333,11.605168932878962,246
0.10415142774581909,0.006504375270935433,0.00034868717193603516,0.0001745445873795386,0.001,0.3,2000,0.0001,"{'alpha': 0.001, 'l1_ratio': 0.3, 'max_iter': 2000, 'tol': 0.0001}",-10.797257436195093,-3.332812113524554,-7.089567306199701,-26.498007044058493,-11.929410974994461,8.815488667430218,161
0.11768382787704468,0.026809109295589904,0.0009092092514038086,0.0008298292564480926,0.001,0.3,2000,0.001,"{'alpha': 0.001, 'l1_ratio': 0.3, 'max_iter': 2000, 'tol': 0.001}",-10.797257436195093,-3.332812113524554,-7.473659561606827,-26.498007044058493,-12.025434038846242,8.764190122120947,171
0.07885640859603882,0.03801008951402615,0.0004903078079223633,0.00019831571563888947,0.001,0.3,2000,0.01,"{'alpha': 0.001, 'l1_ratio': 0.3, 'max_iter': 2000, 'tol': 0.01}",-13.542421553764799,-3.3208546412116173,-7.621776970310899,-33.313171051007885,-14.449556054073799,11.479606113751446,227
0.24598067998886108,0.016807803437065977,0.0005548000335693359,0.00023188048512684482,0.001,0.3,5000,0.0001,"{'alpha': 0.001, 'l1_ratio': 0.3, 'max_iter': 5000, 'tol': 0.0001}",-10.592777762287552,-3.401152033746876,-7.362352191685818,-26.509896029833506,-11.966544504388438,8.774406585103646,168
0.23236370086669922,0.11453313788337786,0.0005701184272766113,0.00020252310216573442,0.001,0.3,5000,0.001,"{'alpha': 0.001, 'l1_ratio': 0.3, 'max_iter': 5000, 'tol': 0.001}",-10.213016039839058,-3.401152033746876,-7.473659561606827,-26.509896029833506,-11.899430916256566,8.776643464602506,160
0.08210247755050659,0.035093787914115736,0.0006188154220581055,0.00019683937375839316,0.001,0.3,5000,0.01,"{'alpha': 0.001, 'l1_ratio': 0.3, 'max_iter': 5000, 'tol': 0.01}",-13.542421553764799,-3.3208546412116173,-7.621776970310899,-33.313171051007885,-14.449556054073799,11.479606113751446,227
0.054304540157318115,0.002666557317635142,0.000602424144744873,0.00012098578634294896,0.001,0.5,1000,0.0001,"{'alpha': 0.001, 'l1_ratio': 0.5, 'max_iter': 1000, 'tol': 0.0001}",-18.415347038026106,-3.411418299926886,-7.659735362834428,-33.58633975794508,-15.768210114683125,11.650437165935134,244
0.05453270673751831,0.0025287034697323535,0.0003985166549682617,0.00023421931657896785,0.001,0.5,1000,0.001,"{'alpha': 0.001, 'l1_ratio': 0.5, 'max_iter': 1000, 'tol': 0.001}",-18.415347038026106,-3.411418299926886,-7.733766791214727,-33.58633975794508,-15.7867179717782,11.637593084301967,245
0.04067659378051758,0.024047054359027004,0.0005660653114318848,0.00016468532524741686,0.001,0.5,1000,0.01,"{'alpha': 0.001, 'l1_ratio': 0.5, 'max_iter': 1000, 'tol': 0.01}",-21.74065917646579,-3.411418299926886,-7.626734874309451,-33.119247405651016,-16.474514939088287,11.765490851331696,262
0.09841424226760864,0.006654933146344389,0.0004023313522338867,0.00014274260904293103,0.001,0.5,2000,0.0001,"{'alpha': 0.001, 'l1_ratio': 0.5, 'max_iter': 2000, 'tol': 0.0001}",-10.647606069935305,-3.3166400365667656,-7.281325987509394,-27.210106435791257,-12.113919632450681,9.093830616003537,173
0.0837327241897583,0.03344965485856456,0.0005862712860107422,0.000238197402883681,0.001,0.5,2000,0.001,"{'alpha': 0.001, 'l1_ratio': 0.5, 'max_iter': 2000, 'tol': 0.001}",-16.89278531779849,-3.3166400365667656,-7.733766791214727,-28.9308725865857,-14.218516183041421,9.804438083565708,223
0.04251641035079956,0.026431605938569087,0.00035816431045532227,0.0001646452813738425,0.001,0.5,2000,0.01,"{'alpha': 0.001, 'l1_ratio': 0.5, 'max_iter': 2000, 'tol': 0.01}",-21.74065917646579,-3.3815334987801435,-7.626734874309451,-33.119247405651016,-16.4670437388016,11.77379023305503,260
0.23498070240020752,0.007511182216478126,0.0004324913024902344,0.0002058155202453835,0.001,0.5,5000,0.0001,"{'alpha': 0.001, 'l1_ratio': 0.5, 'max_iter': 5000, 'tol': 0.0001}",-9.234252549960368,-3.675306124628997,-7.928914615373109,-29.071872835521052,-12.477586531370882,9.798725807692767,182
0.12613219022750854,0.10554338615230935,0.0006875395774841309,0.0006279172632332163,0.001,0.5,5000,0.001,"{'alpha': 0.001, 'l1_ratio': 0.5, 'max_iter': 5000, 'tol': 0.001}",-16.89278531779849,-3.675306124628997,-7.733766791214727,-28.9308725865857,-14.308182705056979,9.705465457925612,226
0.04299801588058472,0.028687061373973415,0.0002676844596862793,4.3905082357733115e-05,0.001,0.5,5000,0.01,"{'alpha': 0.001, 'l1_ratio': 0.5, 'max_iter': 5000, 'tol': 0.01}",-21.74065917646579,-3.3815334987801435,-7.626734874309451,-33.119247405651016,-16.4670437388016,11.77379023305503,260
0.05556529760360718,0.009277882022557641,0.0003987550735473633,0.00013816027518063755,0.001,0.7,1000,0.0001,"{'alpha': 0.001, 'l1_ratio': 0.7, 'max_iter': 1000, 'tol': 0.0001}",-17.988052162958812,-3.5120901930467374,-7.681698569707704,-33.29329638606826,-15.618784327945379,11.484458844198636,239
0.05371195077896118,0.006458703653242146,0.0004659891128540039,0.00016183902497910369,0.001,0.7,1000,0.001,"{'alpha': 0.001, 'l1_ratio': 0.7, 'max_iter': 1000, 'tol': 0.001}",-17.988052162958812,-3.5120901930467374,-7.681698569707704,-33.29329638606826,-15.618784327945379,11.484458844198636,239
0.03223228454589844,0.019861712116287327,0.0004949569702148438,0.00014855476921424472,0.001,0.7,1000,0.01,"{'alpha': 0.001, 'l1_ratio': 0.7, 'max_iter': 1000, 'tol': 0.01}",-26.444708329004456,-3.5918587063261342,-7.642908531894221,-33.13732540032717,-17.704200241887996,12.39925006065821,283
0.09397482872009277,0.004428584716658898,0.00036215782165527344,0.0001439954465694268,0.001,0.7,2000,0.0001,"{'alpha': 0.001, 'l1_ratio': 0.7, 'max_iter': 2000, 'tol': 0.0001}",-10.384073376141426,-3.3321279953594725,-7.603664705848248,-29.79774396225793,-12.779402509901768,10.141508825335782,212
0.08083027601242065,0.025308453559842244,0.00047844648361206055,0.00031825417136437757,0.001,0.7,2000,0.001,"{'alpha': 0.001, 'l1_ratio': 0.7, 'max_iter': 2000, 'tol': 0.001}",-14.551208274975345,-3.3321279953594725,-7.696432555410542,-31.32553738772592,-14.22632655336782,10.651427570245382,224
0.029673993587493896,0.018105100441458046,0.00029093027114868164,6.342771638885712e-05,0.001,0.7,2000,0.01,"{'alpha': 0.001, 'l1_ratio': 0.7, 'max_iter': 2000, 'tol': 0.01}",-26.444708329004456,-3.5918587063261342,-7.642908531894221,-33.13732540032717,-17.704200241887996,12.39925006065821,283
0.21668541431427002,0.014879626033100916,0.0005379915237426758,0.00022200780341278764,0.001,0.7,5000,0.0001,"{'alpha': 0.001, 'l1_ratio': 0.7, 'max_iter': 5000, 'tol': 0.0001}",-9.353263116489108,-3.5853416010729173,-8.039618364077205,-29.59238610620796,-12.642652296961797,10.016690519004559,199
0.1184796690940857,0.09287273737612528,0.0002827644348144531,3.413343133469812e-05,0.001,0.7,5000,0.001,"{'alpha': 0.001, 'l1_ratio': 0.7, 'max_iter': 5000, 'tol': 0.001}",-14.551208274975345,-3.5853416010729173,-7.696432555410542,-31.32553738772592,-14.289629954796181,10.587051128475997,225
0.029850542545318604,0.017956998078272394,0.0007724761962890625,0.00017601121412067663,0.001,0.7,5000,0.01,"{'alpha': 0.001, 'l1_ratio': 0.7, 'max_iter': 5000, 'tol': 0.01}",-26.444708329004456,-3.5918587063261342,-7.642908531894221,-33.13732540032717,-17.704200241887996,12.39925006065821,283
0.049684226512908936,0.004017796999059483,0.0004634857177734375,0.00016209509173679374,0.001,0.9,1000,0.0001,"{'alpha': 0.001, 'l1_ratio': 0.9, 'max_iter': 1000, 'tol': 0.0001}",-19.67228045945943,-3.855532612816408,-7.907405183128971,-33.79742284685164,-16.308160275564113,11.649380152278864,259
0.053569495677948,0.008841730448885456,0.0004482269287109375,0.0001772143021757501,0.001,0.9,1000,0.001,"{'alpha': 0.001, 'l1_ratio': 0.9, 'max_iter': 1000, 'tol': 0.001}",-19.67228045945943,-3.855532612816408,-7.762484373022692,-33.79742284685164,-16.27193007303754,11.675646360342718,258
0.03068673610687256,0.02509689334593685,0.00039845705032348633,0.00023221782191800997,0.001,0.9,1000,0.01,"{'alpha': 0.001, 'l1_ratio': 0.9, 'max_iter': 1000, 'tol': 0.01}",-27.09708126048051,-3.8473568229302293,-7.592667889018529,-33.046993792501254,-17.896024941232632,12.427143044216757,287
0.0908629298210144,0.007343121156183948,0.0006832480430603027,0.0005981053644084608,0.001,0.9,2000,0.0001,"{'alpha': 0.001, 'l1_ratio': 0.9, 'max_iter': 2000, 'tol': 0.0001}",-9.148331862184794,-3.328405553022737,-7.887929082027072,-31.84214643616674,-13.051703233350334,11.062596271735247,221
0.07255721092224121,0.030374354382302307,0.0004202723503112793,0.00017774359919027767,0.001,0.9,2000,0.001,"{'alpha': 0.001, 'l1_ratio': 0.9, 'max_iter': 2000, 'tol': 0.001}",-17.758771262264283,-3.328405553022737,-7.762484373022692,-33.00703309610955,-15.464173571104816,11.39747758026839,235
0.03099346160888672,0.025462335142854696,0.0003693103790283203,0.00016192062248244511,0.001,0.9,2000,0.01,"{'alpha': 0.001, 'l1_ratio': 0.9, 'max_iter': 2000, 'tol': 0.01}",-27.09708126048051,-3.8473568229302293,-7.592667889018529,-33.046993792501254,-17.896024941232632,12.427143044216757,287
0.21328777074813843,0.01885087364262755,0.0004360675811767578,0.00020085728813846375,0.001,0.9,5000,0.0001,"{'alpha': 0.001, 'l1_ratio': 0.9, 'max_iter': 5000, 'tol': 0.0001}",-9.357103934179207,-3.4446016613281665,-8.028214869470501,-30.742678256060817,-12.893149680259672,10.536269978934648,215
0.08999884128570557,0.06290876298477717,0.0004985332489013672,0.00022360358166913374,0.001,0.9,5000,0.001,"{'alpha': 0.001, 'l1_ratio': 0.9, 'max_iter': 5000, 'tol': 0.001}",-17.758771262264283,-3.4491392164624832,-7.762484373022692,-33.00703309610955,-15.494356986964753,11.365413782294095,236
0.03275132179260254,0.023510225740322126,0.0003306269645690918,0.0001404827106347848,0.001,0.9,5000,0.01,"{'alpha': 0.001, 'l1_ratio': 0.9, 'max_iter': 5000, 'tol': 0.01}",-27.09708126048051,-3.8473568229302293,-7.592667889018529,-33.046993792501254,-17.896024941232632,12.427143044216757,287
0.04686635732650757,0.0033391102270947676,0.0006116628646850586,0.00021966241993695926,0.001,1.0,1000,0.0001,"{'alpha': 0.001, 'l1_ratio': 1.0, 'max_iter': 1000, 'tol': 0.0001}",-20.29002261873406,-4.019300676810663,-8.047688137489644,-34.37327754418186,-16.682572244304055,11.84160485894229,266
0.048400282859802246,0.008356214658046328,0.0006325840950012207,0.00017671074391202433,0.001,1.0,1000,0.001,"{'alpha': 0.001, 'l1_ratio': 1.0, 'max_iter': 1000, 'tol': 0.001}",-20.29002261873406,-4.019300676810663,-7.801689042957172,-34.37327754418186,-16.62107247067094,11.886843110667819,265
0.020742356777191162,0.013334560753534648,0.00026738643646240234,6.259327786692814e-05,0.001,1.0,1000,0.01,"{'alpha': 0.001, 'l1_ratio': 1.0, 'max_iter': 1000, 'tol': 0.01}",-30.44839148164111,-3.448726747477764,-7.566896674707293,-33.05005670191266,-18.628517901434705,13.233250889965477,304
0.0936092734336853,0.0031624227255435664,0.0005544424057006836,0.00015358908396252835,0.001,1.0,2000,0.0001,"{'alpha': 0.001, 'l1_ratio': 1.0, 'max_iter': 2000, 'tol': 0.0001}",-9.473830037402193,-3.313086559814721,-7.955705602629504,-32.121490451348386,-13.2160281627987,11.148540229359979,222
0.06543892621994019,0.029438923756929428,0.00031363964080810547,3.606411036057084e-05,0.001,1.0,2000,0.001,"{'alpha': 0.001, 'l1_ratio': 1.0, 'max_iter': 2000, 'tol': 0.001}",-18.528780497660765,-3.313086559814721,-7.801689042957172,-34.01932221135899,-15.915719577947911,11.824047172934085,250
0.02123159170150757,0.013559794912195692,0.000387728214263916,0.00017414664695405556,0.001,1.0,2000,0.01,"{'alpha': 0.001, 'l1_ratio': 1.0, 'max_iter': 2000, 'tol': 0.01}",-30.44839148164111,-3.448726747477764,-7.566896674707293,-33.05005670191266,-18.628517901434705,13.233250889965477,304
0.2063080072402954,0.0535699763545523,0.0006692409515380859,0.00022165806200888719,0.001,1.0,5000,0.0001,"{'alpha': 0.001, 'l1_ratio': 1.0, 'max_iter': 5000, 'tol': 0.0001}",-8.93247778721948,-3.3839471664307172,-8.033585968952298,-31.290706391043557,-12.910179328411513,10.818920309444346,217
0.08382666110992432,0.060545255869712725,0.0003148317337036133,3.0214558043421584e-05,0.001,1.0,5000,0.001,"{'alpha': 0.001, 'l1_ratio': 1.0, 'max_iter': 5000, 'tol': 0.001}",-18.528780497660765,-3.3661036423251383,-7.801689042957172,-34.01932221135899,-15.928973848575517,11.80993400309903,251
0.020329833030700684,0.01425807062410069,0.00024378299713134766,4.373194046366077e-05,0.001,1.0,5000,0.01,"{'alpha': 0.001, 'l1_ratio': 1.0, 'max_iter': 5000, 'tol': 0.01}",-30.44839148164111,-3.448726747477764,-7.566896674707293,-33.05005670191266,-18.628517901434705,13.233250889965477,304
0.07169234752655029,0.013985330200967452,0.0004054903984069824,0.0001509464887210465,0.01,0.1,1000,0.0001,"{'alpha': 0.01, 'l1_ratio': 0.1, 'max_iter': 1000, 'tol': 0.0001}",-10.889855222992525,-3.356958595550401,-7.5948611872196485,-26.71093029982854,-12.138151326397779,8.827159243427108,175
0.07523036003112793,0.015199158660081468,0.0005108118057250977,0.00020257208301424114,0.01,0.1,1000,0.001,"{'alpha': 0.01, 'l1_ratio': 0.1, 'max_iter': 1000, 'tol': 0.001}",-10.889855222992525,-3.356958595550401,-7.5948611872196485,-26.71093029982854,-12.138151326397779,8.827159243427108,175
0.07475936412811279,0.017332130398335047,0.0002873539924621582,2.221734650715208e-05,0.01,0.1,1000,0.01,"{'alpha': 0.01, 'l1_ratio': 0.1, 'max_iter': 1000, 'tol': 0.01}",-10.889855222992525,-3.356958595550401,-7.136948780900299,-26.71093029982854,-12.02367322481794,8.888097123465947,170
0.10596418380737305,0.006867745269156877,0.0007103085517883301,0.0002603524538506646,0.01,0.1,2000,0.0001,"{'alpha': 0.01, 'l1_ratio': 0.1, 'max_iter': 2000, 'tol': 0.0001}",-11.91146380946226,-3.37393497841264,-7.323367420659787,-28.238333188955195,-12.711774849372471,9.459713258161702,204
0.1337384581565857,0.0024904849994116063,0.000600278377532959,0.00019897779382993866,0.01,0.1,2000,0.001,"{'alpha': 0.01, 'l1_ratio': 0.1, 'max_iter': 2000, 'tol': 0.001}",-11.91146380946226,-3.37393497841264,-7.323367420659787,-28.238333188955195,-12.711774849372471,9.459713258161702,204
0.12062573432922363,0.03982281314284594,0.000597536563873291,0.00019750114846469295,0.01,0.1,2000,0.01,"{'alpha': 0.01, 'l1_ratio': 0.1, 'max_iter': 2000, 'tol': 0.01}",-11.803694515202013,-3.37393497841264,-7.136948780900299,-28.238333188955195,-12.638227865867536,9.488821400469691,198
0.29159677028656006,0.037009597378341634,0.00033527612686157227,2.80658139610319e-05,0.01,0.1,5000,0.0001,"{'alpha': 0.01, 'l1_ratio': 0.1, 'max_iter': 5000, 'tol': 0.0001}",-11.503106618251692,-3.3736841189742317,-7.355905202612332,-27.46392322743687,-12.424154791818783,9.146599609056308,181
0.255257248878479,0.12213850489980699,0.00031006336212158203,1.6363836206664725e-05,0.01,0.1,5000,0.001,"{'alpha': 0.01, 'l1_ratio': 0.1, 'max_iter': 5000, 'tol': 0.001}",-11.7640174123172,-3.3736841189742317,-7.378231242262932,-27.46392322743687,-12.494964000247808,9.137597113694847,186
0.1577576994895935,0.06479377880990476,0.0004042983055114746,0.00016966839829610933,0.01,0.1,5000,0.01,"{'alpha': 0.01, 'l1_ratio': 0.1, 'max_iter': 5000, 'tol': 0.01}",-11.803694515202013,-3.3685037438077483,-7.136948780900299,-27.046636346501856,-12.338945846602979,9.001836740629143,180
0.04338890314102173,0.003933319486447237,0.0005033016204833984,0.00023485488664234556,0.01,0.3,1000,0.0001,"{'alpha': 0.01, 'l1_ratio': 0.3, 'max_iter': 1000, 'tol': 0.0001}",-9.653242233069708,-3.5382245592355432,-8.10695109789982,-27.49671186206925,-12.19878243806858,9.113928435175135,178
0.045454323291778564,0.014607193739188425,0.00029075145721435547,3.720647780121054e-05,0.01,0.3,1000,0.001,"{'alpha': 0.01, 'l1_ratio': 0.3, 'max_iter': 1000, 'tol': 0.001}",-9.653242233069708,-3.5382245592355432,-7.39089153141729,-27.49671186206925,-12.019767546447948,9.199175398020202,169
0.011843740940093994,0.0041501072514448685,0.0004184246063232422,0.00016353750620333685,0.01,0.3,1000,0.01,"{'alpha': 0.01, 'l1_ratio': 0.3, 'max_iter': 1000, 'tol': 0.01}",-10.242792217565007,-3.3691013786802184,-7.631991989836596,-29.118473911554677,-12.590589874409126,9.852748951949415,193
0.0902256965637207,0.0036757954422317863,0.0004724860191345215,0.0002072948687936859,0.01,0.3,2000,0.0001,"{'alpha': 0.01, 'l1_ratio': 0.3, 'max_iter': 2000, 'tol': 0.0001}",-9.731435472341971,-3.485003091121882,-7.860076701782372,-27.89715328205838,-12.243417136826151,9.317631098524107,179
0.07410866022109985,0.03018835163696418,0.00045949220657348633,0.00016050125319758466,0.01,0.3,2000,0.001,"{'alpha': 0.01, 'l1_ratio': 0.3, 'max_iter': 2000, 'tol': 0.001}",-9.670573755561895,-3.50868377149069,-7.39089153141729,-27.89715328205838,-12.116825585132062,9.373332497034834,174
0.01174551248550415,0.004112626939811853,0.00033229589462280273,0.00012340682170748846,0.01,0.3,2000,0.01,"{'alpha': 0.01, 'l1_ratio': 0.3, 'max_iter': 2000, 'tol': 0.01}",-10.242792217565007,-3.3691013786802184,-7.631991989836596,-29.118473911554677,-12.590589874409126,9.852748951949415,193
0.13169318437576294,0.048263489598274506,0.0004528164863586426,0.00025216934606663493,0.01,0.3,5000,0.0001,"{'alpha': 0.01, 'l1_ratio': 0.3, 'max_iter': 5000, 'tol': 0.0001}",-9.731435472341971,-3.4946489782953725,-7.880397841980592,-27.636017236436903,-12.18562488226371,9.203337867173635,177
0.0796002745628357,0.039504846255264285,0.0005075335502624512,0.0002083109511929423,0.01,0.3,5000,0.001,"{'alpha': 0.01, 'l1_ratio': 0.3, 'max_iter': 5000, 'tol': 0.001}",-9.670573755561895,-3.50868377149069,-7.39089153141729,-27.655871158238604,-12.05650505417712,9.271813323654124,172
0.011484086513519287,0.0031204608472737757,0.0003514885902404785,0.00010821884372643315,0.01,0.3,5000,0.01,"{'alpha': 0.01, 'l1_ratio': 0.3, 'max_iter': 5000, 'tol': 0.01}",-10.242792217565007,-3.3691013786802184,-7.631991989836596,-29.118473911554677,-12.590589874409126,9.852748951949415,193
0.04694312810897827,0.002041043238331198,0.00028836727142333984,7.441753880984119e-06,0.01,0.5,1000,0.0001,"{'alpha': 0.01, 'l1_ratio': 0.5, 'max_iter': 1000, 'tol': 0.0001}",-8.76983913013752,-3.734329950997955,-8.365328474896373,-29.926572563195098,-12.699017529806735,10.141173249865497,200
0.038899779319763184,0.0054897078369983915,0.0003847479820251465,0.00015672412019797146,0.01,0.5,1000,0.001,"{'alpha': 0.01, 'l1_ratio': 0.5, 'max_iter': 1000, 'tol': 0.001}",-9.056160584567486,-3.7276756412548213,-8.26338534998303,-29.926572563195098,-12.743448534750108,10.126832807090715,211
0.0081978440284729,0.0027658434784204873,0.00041300058364868164,0.00015411952840893887,0.01,0.5,1000,0.01,"{'alpha': 0.01, 'l1_ratio': 0.5, 'max_iter': 1000, 'tol': 0.01}",-18.700022670664325,-3.3716124271123222,-7.732913042490364,-33.97246544267562,-15.944253395735657,11.812155870424466,252
0.07366436719894409,0.011021735034770469,0.000499427318572998,0.00024195606027558697,0.01,0.5,2000,0.0001,"{'alpha': 0.01, 'l1_ratio': 0.5, 'max_iter': 2000, 'tol': 0.0001}",-8.897855626833504,-3.7448842396875506,-8.328035132067962,-29.533623479923563,-12.626099619628144,9.963853563260397,196
0.04605436325073242,0.015828223049745106,0.0003833770751953125,0.00020861864088603444,0.01,0.5,2000,0.001,"{'alpha': 0.01, 'l1_ratio': 0.5, 'max_iter': 2000, 'tol': 0.001}",-9.056160584567486,-3.7276756412548213,-8.26338534998303,-29.92131694073839,-12.742134629135933,10.124603393494116,209
0.008111774921417236,0.0021282999745269615,0.00039845705032348633,0.0001490875408320587,0.01,0.5,2000,0.01,"{'alpha': 0.01, 'l1_ratio': 0.5, 'max_iter': 2000, 'tol': 0.01}",-18.700022670664325,-3.3716124271123222,-7.732913042490364,-33.97246544267562,-15.944253395735657,11.812155870424466,252
0.0792425274848938,0.018888599400062496,0.0005353689193725586,0.00033610891652759384,0.01,0.5,5000,0.0001,"{'alpha': 0.01, 'l1_ratio': 0.5, 'max_iter': 5000, 'tol': 0.0001}",-8.897855626833504,-3.7448842396875506,-8.328035132067962,-29.538909995651103,-12.62742124856003,9.966096227490812,197
0.03748822212219238,0.008484883141889627,0.000364840030670166,0.0001689960918664104,0.01,0.5,5000,0.001,"{'alpha': 0.01, 'l1_ratio': 0.5, 'max_iter': 5000, 'tol': 0.001}",-9.056160584567486,-3.7276756412548213,-8.26338534998303,-29.92131694073839,-12.742134629135933,10.124603393494116,209
0.007401466369628906,0.0021697342425173725,0.0011008381843566895,0.0011241968625573717,0.01,0.5,5000,0.01,"{'alpha': 0.01, 'l1_ratio': 0.5, 'max_iter': 5000, 'tol': 0.01}",-18.700022670664325,-3.3716124271123222,-7.732913042490364,-33.97246544267562,-15.944253395735657,11.812155870424466,252
0.046597301959991455,0.0035756879095039324,0.0005261898040771484,0.00018720239078025356,0.01,0.7,1000,0.0001,"{'alpha': 0.01, 'l1_ratio': 0.7, 'max_iter': 1000, 'tol': 0.0001}",-8.577041870632389,-3.64573588597883,-8.0408920843333,-29.968377371243704,-12.558011803047055,10.232326023394974,190
0.0305747389793396,0.004837527905993273,0.0003783702850341797,0.00018833143703355935,0.01,0.7,1000,0.001,"{'alpha': 0.01, 'l1_ratio': 0.7, 'max_iter': 1000, 'tol': 0.001}",-9.15481189158687,-3.6554998707914454,-8.002279617567218,-29.362958648359008,-12.543887507076136,9.924674107721957,187
0.006662547588348389,0.001988144664742662,0.00033015012741088867,0.0002009307407811648,0.01,0.7,1000,0.01,"{'alpha': 0.01, 'l1_ratio': 0.7, 'max_iter': 1000, 'tol': 0.01}",-15.367166976421158,-3.4705250782062347,-7.7628358720540644,-34.05822150306556,-15.164687357436755,11.710545112555453,232
0.07025045156478882,0.010605548999713846,0.0004290342330932617,0.00021374232265047996,0.01,0.7,2000,0.0001,"{'alpha': 0.01, 'l1_ratio': 0.7, 'max_iter': 2000, 'tol': 0.0001}",-8.56919883287514,-3.6494933497079023,-8.127249417090205,-29.95938016350776,-12.576330440795251,10.218980670690607,192
0.03185105323791504,0.007909155225949552,0.00026744604110717773,1.0751825444755392e-05,0.01,0.7,2000,0.001,"{'alpha': 0.01, 'l1_ratio': 0.7, 'max_iter': 2000, 'tol': 0.001}",-9.15481189158687,-3.6554998707914454,-8.002279617567218,-29.362958648359008,-12.543887507076136,9.924674107721957,187
0.005294144153594971,0.0015496783010002133,0.00020754337310791016,3.544848132419409e-05,0.01,0.7,2000,0.01,"{'alpha': 0.01, 'l1_ratio': 0.7, 'max_iter': 2000, 'tol': 0.01}",-15.367166976421158,-3.4705250782062347,-7.7628358720540644,-34.05822150306556,-15.164687357436755,11.710545112555453,232
0.07031834125518799,0.01408827780644256,0.00040900707244873047,0.00019309656724640433,0.01,0.7,5000,0.0001,"{'alpha': 0.01, 'l1_ratio': 0.7, 'max_iter': 5000, 'tol': 0.0001}",-8.56919883287514,-3.6494933497079023,-8.127249417090205,-29.951986442087165,-12.574482010440104,10.215836406505712,191
0.03140819072723389,0.004474022745995073,0.0004578232765197754,0.00032024152327588066,0.01,0.7,5000,0.001,"{'alpha': 0.01, 'l1_ratio': 0.7, 'max_iter': 5000, 'tol': 0.001}",-9.15481189158687,-3.6554998707914454,-8.002279617567218,-29.362958648359008,-12.543887507076136,9.924674107721957,187
0.005959868431091309,0.0023080208879987124,0.00021374225616455078,3.978966088025808e-05,0.01,0.7,5000,0.01,"{'alpha': 0.01, 'l1_ratio': 0.7, 'max_iter': 5000, 'tol': 0.01}",-15.367166976421158,-3.4705250782062347,-7.7628358720540644,-34.05822150306556,-15.164687357436755,11.710545112555453,232
0.04273802042007446,0.00523377275982998,0.0007066130638122559,6.34595232336677e-05,0.01,0.9,1000,0.0001,"{'alpha': 0.01, 'l1_ratio': 0.9, 'max_iter': 1000, 'tol': 0.0001}",-9.350654488973525,-3.4729292151566895,-7.870695918206838,-30.629848991755942,-12.83103215352325,10.501070608529757,213
0.0240631103515625,0.004110861776339894,0.0004942417144775391,0.0002311923951998349,0.01,0.9,1000,0.001,"{'alpha': 0.01, 'l1_ratio': 0.9, 'max_iter': 1000, 'tol': 0.001}",-9.18390358151611,-3.5433685580604237,-7.935671748266379,-30.144991418493493,-12.701983826584101,10.286318181532433,201
0.0055786967277526855,0.0012294177467793103,0.00039261579513549805,0.00017549877879918655,0.01,0.9,1000,0.01,"{'alpha': 0.01, 'l1_ratio': 0.9, 'max_iter': 1000, 'tol': 0.01}",-24.48913312295738,-3.766811089103555,-7.858332570595513,-33.4558601875738,-17.39253424255756,12.092905865230865,276
0.07124274969100952,0.011904657681178194,0.0006155967712402344,0.0003467643532067625,0.01,0.9,2000,0.0001,"{'alpha': 0.01, 'l1_ratio': 0.9, 'max_iter': 2000, 'tol': 0.0001}",-9.329683428867032,-3.4222324596182094,-7.789645740293738,-31.06215859674365,-12.900930056380657,10.706948212032328,216
0.02911275625228882,0.00835608004314138,0.00041991472244262695,0.00023329348574936562,0.01,0.9,2000,0.001,"{'alpha': 0.01, 'l1_ratio': 0.9, 'max_iter': 2000, 'tol': 0.001}",-9.18390358151611,-3.5433685580604237,-7.935671748266379,-30.144991418493493,-12.701983826584101,10.286318181532433,201
0.006989419460296631,0.0033798777166766654,0.00042754411697387695,0.00023195550912436796,0.01,0.9,2000,0.01,"{'alpha': 0.01, 'l1_ratio': 0.9, 'max_iter': 2000, 'tol': 0.01}",-24.48913312295738,-3.766811089103555,-7.858332570595513,-33.4558601875738,-17.39253424255756,12.092905865230865,276
0.07859957218170166,0.014397333600562912,0.0005979537963867188,0.00017363044799353886,0.01,0.9,5000,0.0001,"{'alpha': 0.01, 'l1_ratio': 0.9, 'max_iter': 5000, 'tol': 0.0001}",-9.329683428867032,-3.4222324596182094,-7.794798293232768,-31.10261881875712,-12.912333250118781,10.723491104336512,219
0.024019896984100342,0.004931818101272625,0.0003440380096435547,0.0001644971573883804,0.01,0.9,5000,0.001,"{'alpha': 0.01, 'l1_ratio': 0.9, 'max_iter': 5000, 'tol': 0.001}",-9.18390358151611,-3.5433685580604237,-7.935671748266379,-30.144991418493493,-12.701983826584101,10.286318181532433,201
0.005792498588562012,0.0012539487020756244,0.0004622936248779297,0.0002706613251145504,0.01,0.9,5000,0.01,"{'alpha': 0.01, 'l1_ratio': 0.9, 'max_iter': 5000, 'tol': 0.01}",-24.48913312295738,-3.766811089103555,-7.858332570595513,-33.4558601875738,-17.39253424255756,12.092905865230865,276
0.04251420497894287,0.0031179694682286585,0.0004917383193969727,0.00023782217412935926,0.01,1.0,1000,0.0001,"{'alpha': 0.01, 'l1_ratio': 1.0, 'max_iter': 1000, 'tol': 0.0001}",-8.82249954130352,-3.407181423184341,-7.804944461530914,-31.613504812746623,-12.91203255969135,10.98742336389441,218
0.02488720417022705,0.008631466262541859,0.0003533363342285156,0.00013225151866079176,0.01,1.0,1000,0.001,"{'alpha': 0.01, 'l1_ratio': 1.0, 'max_iter': 1000, 'tol': 0.001}",-8.744287825867028,-3.46770196701404,-7.937463160036073,-30.726868578443092,-12.719080382840058,10.589278509734449,206
0.005560755729675293,0.0025371352359128537,0.00019568204879760742,1.9911430962784715e-05,0.01,1.0,1000,0.01,"{'alpha': 0.01, 'l1_ratio': 1.0, 'max_iter': 1000, 'tol': 0.01}",-17.97206865301781,-3.8971535734207925,-7.910075285876285,-33.60554115714332,-15.846209667364551,11.463805016747113,247
0.05336421728134155,0.016250588245862847,0.0002792477607727051,1.7696357044466178e-05,0.01,1.0,2000,0.0001,"{'alpha': 0.01, 'l1_ratio': 1.0, 'max_iter': 2000, 'tol': 0.0001}",-8.817887863201431,-3.4036521296416966,-7.701088700089609,-31.730116495841603,-12.913186297193585,11.050401947551773,220
0.023268043994903564,0.006014640807187206,0.0004615187644958496,0.00021296601117525032,0.01,1.0,2000,0.001,"{'alpha': 0.01, 'l1_ratio': 1.0, 'max_iter': 2000, 'tol': 0.001}",-8.744287825867028,-3.46770196701404,-7.937463160036073,-30.726868578443092,-12.719080382840058,10.589278509734449,206
0.005927562713623047,0.002204648994852639,0.00029337406158447266,0.0001494173724355082,0.01,1.0,2000,0.01,"{'alpha': 0.01, 'l1_ratio': 1.0, 'max_iter': 2000, 'tol': 0.01}",-17.97206865301781,-3.8971535734207925,-7.910075285876285,-33.60554115714332,-15.846209667364551,11.463805016747113,247
0.06920391321182251,0.043635282748331596,0.00047004222869873047,0.0001751938995565836,0.01,1.0,5000,0.0001,"{'alpha': 0.01, 'l1_ratio': 1.0, 'max_iter': 5000, 'tol': 0.0001}",-8.817887863201431,-3.4036521296416966,-7.579700333821967,-31.730116495841603,-12.882839205626674,11.06483122539272,214
0.024425983428955078,0.006069596901279815,0.0003330111503601074,0.0001404469975608868,0.01,1.0,5000,0.001,"{'alpha': 0.01, 'l1_ratio': 1.0, 'max_iter': 5000, 'tol': 0.001}",-8.744287825867028,-3.46770196701404,-7.937463160036073,-30.726868578443092,-12.719080382840058,10.589278509734449,206
0.005650341510772705,0.001830833099839968,0.0002919435501098633,0.00015706134925165795,0.01,1.0,5000,0.01,"{'alpha': 0.01, 'l1_ratio': 1.0, 'max_iter': 5000, 'tol': 0.01}",-17.97206865301781,-3.8971535734207925,-7.910075285876285,-33.60554115714332,-15.846209667364551,11.463805016747113,247
0.0441509485244751,0.014479178533243457,0.0011715292930603027,0.001010468798855907,0.1,0.1,1000,0.0001,"{'alpha': 0.1, 'l1_ratio': 0.1, 'max_iter': 1000, 'tol': 0.0001}",-10.35670760610605,-3.616478593035297,-7.445461691430824,-25.82107985126302,-11.809931935458799,8.435126037224402,159
0.03179931640625,0.018360600031402347,0.0003013014793395996,5.789973840326586e-05,0.1,0.1,1000,0.001,"{'alpha': 0.1, 'l1_ratio': 0.1, 'max_iter': 1000, 'tol': 0.001}",-10.361703152880056,-3.62135087145631,-7.451540049104916,-25.64619130373053,-11.770196344292952,8.360346343315134,151
0.014622807502746582,0.006316702857490478,0.00048547983169555664,0.0001378660845220214,0.1,0.1,1000,0.01,"{'alpha': 0.1, 'l1_ratio': 0.1, 'max_iter': 1000, 'tol': 0.01}",-10.65939858088256,-3.6200759388084407,-7.218176825716249,-25.423143691519016,-11.730198759231566,8.288181164035327,142
0.04787224531173706,0.017188080851424026,0.0006454586982727051,0.00015635854830469605,0.1,0.1,2000,0.0001,"{'alpha': 0.1, 'l1_ratio': 0.1, 'max_iter': 2000, 'tol': 0.0001}",-10.35670760610605,-3.6162321370187898,-7.445461691430824,-25.77470980666544,-11.798277810305276,8.415932146337008,154
0.029318273067474365,0.011845815951152893,0.00046306848526000977,0.00019149490077061145,0.1,0.1,2000,0.001,"{'alpha': 0.1, 'l1_ratio': 0.1, 'max_iter': 2000, 'tol': 0.001}",-10.361703152880056,-3.62135087145631,-7.451540049104916,-25.64619130373053,-11.770196344292952,8.360346343315134,151
0.014738261699676514,0.007700094051712532,0.00025898218154907227,7.64014140957425e-05,0.1,0.1,2000,0.01,"{'alpha': 0.1, 'l1_ratio': 0.1, 'max_iter': 2000, 'tol': 0.01}",-10.65939858088256,-3.6200759388084407,-7.218176825716249,-25.423143691519016,-11.730198759231566,8.288181164035327,142
0.051088035106658936,0.019285271961464068,0.0005331635475158691,0.00016998512155645055,0.1,0.1,5000,0.0001,"{'alpha': 0.1, 'l1_ratio': 0.1, 'max_iter': 5000, 'tol': 0.0001}",-10.35670760610605,-3.6162321370187898,-7.445461691430824,-25.77470980666544,-11.798277810305276,8.415932146337008,154
0.02902442216873169,0.014478240366253985,0.000329434871673584,7.64835830188241e-05,0.1,0.1,5000,0.001,"{'alpha': 0.1, 'l1_ratio': 0.1, 'max_iter': 5000, 'tol': 0.001}",-10.361703152880056,-3.62135087145631,-7.451540049104916,-25.64619130373053,-11.770196344292952,8.360346343315134,151
0.014892041683197021,0.006252820794854975,0.0004557967185974121,0.0001781969054095791,0.1,0.1,5000,0.01,"{'alpha': 0.1, 'l1_ratio': 0.1, 'max_iter': 5000, 'tol': 0.01}",-10.65939858088256,-3.6200759388084407,-7.218176825716249,-25.423143691519016,-11.730198759231566,8.288181164035327,142
0.017960309982299805,0.0026383437236454136,0.00032204389572143555,0.00016542516163202907,0.1,0.3,1000,0.0001,"{'alpha': 0.1, 'l1_ratio': 0.3, 'max_iter': 1000, 'tol': 0.0001}",-8.51966283569195,-4.067835033650033,-8.15283794202671,-25.483137340050245,-11.555868287854736,8.228587733485737,121
0.012835979461669922,0.002970898541504037,0.00035578012466430664,0.00015255262434862887,0.1,0.3,1000,0.001,"{'alpha': 0.1, 'l1_ratio': 0.3, 'max_iter': 1000, 'tol': 0.001}",-8.527848223547341,-4.061958577759418,-8.110803216798343,-25.417117553513464,-11.529431892904642,8.205600180205204,115
0.0034298300743103027,0.0007714261718448231,0.00020331144332885742,2.0919362280934067e-05,0.1,0.3,1000,0.01,"{'alpha': 0.1, 'l1_ratio': 0.3, 'max_iter': 1000, 'tol': 0.01}",-8.222249013925767,-4.185466881137761,-7.608872251098736,-25.230213648512468,-11.311700448668683,8.181745861697006,109
0.020055055618286133,0.006874923901720585,0.00026291608810424805,5.554727586133388e-05,0.1,0.3,2000,0.0001,"{'alpha': 0.1, 'l1_ratio': 0.3, 'max_iter': 2000, 'tol': 0.0001}",-8.51966283569195,-4.067835033650033,-8.15283794202671,-25.483137340050245,-11.555868287854736,8.228587733485737,121
0.011954784393310547,0.004879954042600823,0.0003675222396850586,0.00015036015650466485,0.1,0.3,2000,0.001,"{'alpha': 0.1, 'l1_ratio': 0.3, 'max_iter': 2000, 'tol': 0.001}",-8.527848223547341,-4.061958577759418,-8.110803216798343,-25.417117553513464,-11.529431892904642,8.205600180205204,115
0.004530966281890869,0.001533858219216518,0.0003406405448913574,0.0002353315397833209,0.1,0.3,2000,0.01,"{'alpha': 0.1, 'l1_ratio': 0.3, 'max_iter': 2000, 'tol': 0.01}",-8.222249013925767,-4.185466881137761,-7.608872251098736,-25.230213648512468,-11.311700448668683,8.181745861697006,109
0.019318819046020508,0.005452055620622237,0.0004850029945373535,0.00017902777719988648,0.1,0.3,5000,0.0001,"{'alpha': 0.1, 'l1_ratio': 0.3, 'max_iter': 5000, 'tol': 0.0001}",-8.51966283569195,-4.067835033650033,-8.15283794202671,-25.483137340050245,-11.555868287854736,8.228587733485737,121
0.01082521677017212,0.0023930053447201254,0.00030875205993652344,0.0001525797879034655,0.1,0.3,5000,0.001,"{'alpha': 0.1, 'l1_ratio': 0.3, 'max_iter': 5000, 'tol': 0.001}",-8.527848223547341,-4.061958577759418,-8.110803216798343,-25.417117553513464,-11.529431892904642,8.205600180205204,115
0.0033194422721862793,0.0006845753140179224,0.0001837015151977539,6.927485573657816e-06,0.1,0.3,5000,0.01,"{'alpha': 0.1, 'l1_ratio': 0.3, 'max_iter': 5000, 'tol': 0.01}",-8.222249013925767,-4.185466881137761,-7.608872251098736,-25.230213648512468,-11.311700448668683,8.181745861697006,109
0.01321488618850708,0.0034552944550411066,0.0005507469177246094,0.00030745187419808147,0.1,0.5,1000,0.0001,"{'alpha': 0.1, 'l1_ratio': 0.5, 'max_iter': 1000, 'tol': 0.0001}",-7.634707891084523,-4.920102102012397,-8.40557723131822,-26.240682121720166,-11.800267336533828,8.437091608287867,156
0.00902944803237915,0.002771828214533629,0.00035393238067626953,0.00016961772843330816,0.1,0.5,1000,0.001,"{'alpha': 0.1, 'l1_ratio': 0.5, 'max_iter': 1000, 'tol': 0.001}",-7.588813869435413,-4.916139817322693,-8.385112465804136,-26.17636511389209,-11.766607816613583,8.418112767247838,148
0.003936767578125,0.0009910517037150844,0.00032579898834228516,0.00020384471316407275,0.1,0.5,1000,0.01,"{'alpha': 0.1, 'l1_ratio': 0.5, 'max_iter': 1000, 'tol': 0.01}",-7.771387225511769,-4.945416255533223,-8.037309910340326,-26.14563154371552,-11.72493623377521,8.413493359175298,136
0.013921499252319336,0.0034821004869174405,0.0006999969482421875,0.0003025957754671453,0.1,0.5,2000,0.0001,"{'alpha': 0.1, 'l1_ratio': 0.5, 'max_iter': 2000, 'tol': 0.0001}",-7.634707891084523,-4.920102102012397,-8.40557723131822,-26.240682121720166,-11.800267336533828,8.437091608287867,156
0.007963240146636963,0.0019038111350060422,0.00022780895233154297,3.248294555222838e-05,0.1,0.5,2000,0.001,"{'alpha': 0.1, 'l1_ratio': 0.5, 'max_iter': 2000, 'tol': 0.001}",-7.588813869435413,-4.916139817322693,-8.385112465804136,-26.17636511389209,-11.766607816613583,8.418112767247838,148
0.002883434295654297,0.00027058161200985,0.00018340349197387695,3.7974287119380178e-06,0.1,0.5,2000,0.01,"{'alpha': 0.1, 'l1_ratio': 0.5, 'max_iter': 2000, 'tol': 0.01}",-7.771387225511769,-4.945416255533223,-8.037309910340326,-26.14563154371552,-11.72493623377521,8.413493359175298,136
0.012784242630004883,0.0030360486979201,0.00036531686782836914,0.00015928273805313725,0.1,0.5,5000,0.0001,"{'alpha': 0.1, 'l1_ratio': 0.5, 'max_iter': 5000, 'tol': 0.0001}",-7.634707891084523,-4.920102102012397,-8.40557723131822,-26.240682121720166,-11.800267336533828,8.437091608287867,156
0.008285164833068848,0.0021808661723753224,0.00032639503479003906,0.00015850631256829478,0.1,0.5,5000,0.001,"{'alpha': 0.1, 'l1_ratio': 0.5, 'max_iter': 5000, 'tol': 0.001}",-7.588813869435413,-4.916139817322693,-8.385112465804136,-26.17636511389209,-11.766607816613583,8.418112767247838,148
0.005120456218719482,0.0009808907813608795,0.0005557537078857422,0.0003724369507479545,0.1,0.5,5000,0.01,"{'alpha': 0.1, 'l1_ratio': 0.5, 'max_iter': 5000, 'tol': 0.01}",-7.771387225511769,-4.945416255533223,-8.037309910340326,-26.14563154371552,-11.72493623377521,8.413493359175298,136
0.011040449142456055,0.002626403971391814,0.00038504600524902344,0.00021005481905884908,0.1,0.7,1000,0.0001,"{'alpha': 0.1, 'l1_ratio': 0.7, 'max_iter': 1000, 'tol': 0.0001}",-7.381233228518783,-5.143970373530882,-8.624827655972204,-25.51842447475888,-11.667113933195187,8.093739630512589,133
0.008459329605102539,0.0024107436228623,0.0003418922424316406,0.00015373312435804602,0.1,0.7,1000,0.001,"{'alpha': 0.1, 'l1_ratio': 0.7, 'max_iter': 1000, 'tol': 0.001}",-7.317755853780657,-5.120434446291116,-8.645854765026131,-25.544361709499654,-11.65710169364939,8.116057229863047,130
0.0026734471321105957,0.0002869794420697948,0.00028258562088012695,0.00017401701345203286,0.1,0.7,1000,0.01,"{'alpha': 0.1, 'l1_ratio': 0.7, 'max_iter': 1000, 'tol': 0.01}",-7.877794941089607,-5.182862222175407,-8.339730880923385,-24.77968786902117,-11.54501897830239,7.735565641289628,118
0.012954950332641602,0.0029761295594092625,0.000512242317199707,0.000218818546968685,0.1,0.7,2000,0.0001,"{'alpha': 0.1, 'l1_ratio': 0.7, 'max_iter': 2000, 'tol': 0.0001}",-7.381233228518783,-5.143970373530882,-8.624827655972204,-25.51842447475888,-11.667113933195187,8.093739630512589,133
0.007289230823516846,0.0024599278773659583,0.00031298398971557617,0.00015099035390980306,0.1,0.7,2000,0.001,"{'alpha': 0.1, 'l1_ratio': 0.7, 'max_iter': 2000, 'tol': 0.001}",-7.317755853780657,-5.120434446291116,-8.645854765026131,-25.544361709499654,-11.65710169364939,8.116057229863047,130
0.0028074979782104492,0.00019452169191849653,0.000344693660736084,0.00023904820840072079,0.1,0.7,2000,0.01,"{'alpha': 0.1, 'l1_ratio': 0.7, 'max_iter': 2000, 'tol': 0.01}",-7.877794941089607,-5.182862222175407,-8.339730880923385,-24.77968786902117,-11.54501897830239,7.735565641289628,118
0.01379692554473877,0.005170553548782153,0.0006543397903442383,0.0004879791315332537,0.1,0.7,5000,0.0001,"{'alpha': 0.1, 'l1_ratio': 0.7, 'max_iter': 5000, 'tol': 0.0001}",-7.381233228518783,-5.143970373530882,-8.624827655972204,-25.51842447475888,-11.667113933195187,8.093739630512589,133
0.008901715278625488,0.0030512314511088076,0.0003714561462402344,0.00019384295572117704,0.1,0.7,5000,0.001,"{'alpha': 0.1, 'l1_ratio': 0.7, 'max_iter': 5000, 'tol': 0.001}",-7.317755853780657,-5.120434446291116,-8.645854765026131,-25.544361709499654,-11.65710169364939,8.116057229863047,130
0.0025896430015563965,6.133092036410227e-05,0.00019156932830810547,6.222907608098119e-06,0.1,0.7,5000,0.01,"{'alpha': 0.1, 'l1_ratio': 0.7, 'max_iter': 5000, 'tol': 0.01}",-7.877794941089607,-5.182862222175407,-8.339730880923385,-24.77968786902117,-11.54501897830239,7.735565641289628,118
0.01607668399810791,0.004176751699041228,0.00041478872299194336,0.0001566415848242303,0.1,0.9,1000,0.0001,"{'alpha': 0.1, 'l1_ratio': 0.9, 'max_iter': 1000, 'tol': 0.0001}",-7.603777898071462,-5.296565821114806,-8.878860574018418,-25.944101621027986,-11.930826478558167,8.19181207044309,162
0.008161306381225586,0.002820399066992238,0.00042700767517089844,0.0003475006611802625,0.1,0.9,1000,0.001,"{'alpha': 0.1, 'l1_ratio': 0.9, 'max_iter': 1000, 'tol': 0.001}",-7.785618451655216,-5.284105707662291,-8.878005211572678,-25.88734934166529,-11.958769678138868,8.146514153604883,165
0.002891719341278076,0.0002369266785848348,0.00031375885009765625,0.00014376373430877802,0.1,0.9,1000,0.01,"{'alpha': 0.1, 'l1_ratio': 0.9, 'max_iter': 1000, 'tol': 0.01}",-7.668313265593164,-5.31362444593311,-8.614500454523585,-24.96459030212495,-11.640257117043703,7.786136351266942,127
0.014056801795959473,0.005083547999242807,0.0002567172050476074,5.0005810417764567e-05,0.1,0.9,2000,0.0001,"{'alpha': 0.1, 'l1_ratio': 0.9, 'max_iter': 2000, 'tol': 0.0001}",-7.603777898071462,-5.296565821114806,-8.878860574018418,-25.944101621027986,-11.930826478558167,8.19181207044309,162
0.00808936357498169,0.002093097056382967,0.0002497434616088867,2.2618686535738262e-05,0.1,0.9,2000,0.001,"{'alpha': 0.1, 'l1_ratio': 0.9, 'max_iter': 2000, 'tol': 0.001}",-7.785618451655216,-5.284105707662291,-8.878005211572678,-25.88734934166529,-11.958769678138868,8.146514153604883,165
0.0038448572158813477,0.0013318214680678566,0.0004006624221801758,0.00020257418756596684,0.1,0.9,2000,0.01,"{'alpha': 0.1, 'l1_ratio': 0.9, 'max_iter': 2000, 'tol': 0.01}",-7.668313265593164,-5.31362444593311,-8.614500454523585,-24.96459030212495,-11.640257117043703,7.786136351266942,127
0.013865530490875244,0.003765585636173132,0.00028270483016967773,4.002570615997448e-05,0.1,0.9,5000,0.0001,"{'alpha': 0.1, 'l1_ratio': 0.9, 'max_iter': 5000, 'tol': 0.0001}",-7.603777898071462,-5.296565821114806,-8.878860574018418,-25.944101621027986,-11.930826478558167,8.19181207044309,162
0.009804487228393555,0.0018538946639841028,0.0005067586898803711,0.0001315472754730934,0.1,0.9,5000,0.001,"{'alpha': 0.1, 'l1_ratio': 0.9, 'max_iter': 5000, 'tol': 0.001}",-7.785618451655216,-5.284105707662291,-8.878005211572678,-25.88734934166529,-11.958769678138868,8.146514153604883,165
0.0052165985107421875,0.0013217128477420628,0.0006186962127685547,0.00025120194921588915,0.1,0.9,5000,0.01,"{'alpha': 0.1, 'l1_ratio': 0.9, 'max_iter': 5000, 'tol': 0.01}",-7.668313265593164,-5.31362444593311,-8.614500454523585,-24.96459030212495,-11.640257117043703,7.786136351266942,127
0.018634259700775146,0.009450524610963497,0.0003820657730102539,0.0001955390307174038,0.1,1.0,1000,0.0001,"{'alpha': 0.1, 'l1_ratio': 1.0, 'max_iter': 1000, 'tol': 0.0001}",-7.2443897498272865,-5.238363903446994,-8.81133851500665,-25.610239732181356,-11.72608297511557,8.115442333000066,139
0.014583110809326172,0.009286988291070223,0.00038933753967285156,0.00022656696915216885,0.1,1.0,1000,0.001,"{'alpha': 0.1, 'l1_ratio': 1.0, 'max_iter': 1000, 'tol': 0.001}",-7.262355839932215,-5.240481465415967,-8.968200605799522,-25.586524282335475,-11.764390548370795,8.088568559905815,145
0.003130972385406494,0.0006777173688449778,0.000272214412689209,0.0001286563047354685,0.1,1.0,1000,0.01,"{'alpha': 0.1, 'l1_ratio': 1.0, 'max_iter': 1000, 'tol': 0.01}",-7.274614059944099,-5.258078471946447,-8.427914659185294,-25.094074090799307,-11.513670320468787,7.922298939095002,112
0.01817554235458374,0.00895351795454328,0.0002912282943725586,4.3141741421791514e-05,0.1,1.0,2000,0.0001,"{'alpha': 0.1, 'l1_ratio': 1.0, 'max_iter': 2000, 'tol': 0.0001}",-7.2443897498272865,-5.238363903446994,-8.81133851500665,-25.610239732181356,-11.72608297511557,8.115442333000066,139
0.013011157512664795,0.008133703160588063,0.00027173757553100586,6.595956207556362e-05,0.1,1.0,2000,0.001,"{'alpha': 0.1, 'l1_ratio': 1.0, 'max_iter': 2000, 'tol': 0.001}",-7.262355839932215,-5.240481465415967,-8.968200605799522,-25.586524282335475,-11.764390548370795,8.088568559905815,145
0.0038733482360839844,0.001303140480394125,0.00033396482467651367,0.00020773273944732317,0.1,1.0,2000,0.01,"{'alpha': 0.1, 'l1_ratio': 1.0, 'max_iter': 2000, 'tol': 0.01}",-7.274614059944099,-5.258078471946447,-8.427914659185294,-25.094074090799307,-11.513670320468787,7.922298939095002,112
0.01566523313522339,0.008836605045045983,0.00033283233642578125,0.00015088628276535264,0.1,1.0,5000,0.0001,"{'alpha': 0.1, 'l1_ratio': 1.0, 'max_iter': 5000, 'tol': 0.0001}",-7.2443897498272865,-5.238363903446994,-8.81133851500665,-25.610239732181356,-11.72608297511557,8.115442333000066,139
0.01414477825164795,0.00818560891602879,0.0003675222396850586,0.00017270167854991568,0.1,1.0,5000,0.001,"{'alpha': 0.1, 'l1_ratio': 1.0, 'max_iter': 5000, 'tol': 0.001}",-7.262355839932215,-5.240481465415967,-8.968200605799522,-25.586524282335475,-11.764390548370795,8.088568559905815,145
0.0024982094764709473,0.0005513104577405207,0.00018906593322753906,4.50163068497162e-06,0.1,1.0,5000,0.01,"{'alpha': 0.1, 'l1_ratio': 1.0, 'max_iter': 5000, 'tol': 0.01}",-7.274614059944099,-5.258078471946447,-8.427914659185294,-25.094074090799307,-11.513670320468787,7.922298939095002,112
0.005111277103424072,0.0012271838337872764,0.00039827823638916016,0.00016488652993092642,1.0,0.1,1000,0.0001,"{'alpha': 1.0, 'l1_ratio': 0.1, 'max_iter': 1000, 'tol': 0.0001}",-5.655465644501719,-7.174434583405994,-8.15123402699231,-18.303133951153868,-9.821067051513474,4.977215580098367,103
0.0035200119018554688,0.0009217850124412226,0.00028389692306518555,0.00014992750740803787,1.0,0.1,1000,0.001,"{'alpha': 1.0, 'l1_ratio': 0.1, 'max_iter': 1000, 'tol': 0.001}",-5.656540871685306,-7.17368829312159,-8.151683735156332,-18.31758987790203,-9.824875694466314,4.9832111977641365,106
0.0038052797317504883,0.00024515607047103326,0.0005262494087219238,6.089001750392102e-05,1.0,0.1,1000,0.01,"{'alpha': 1.0, 'l1_ratio': 0.1, 'max_iter': 1000, 'tol': 0.01}",-5.674390805240644,-7.172800947519788,-8.155698247875513,-18.22836250236596,-9.807813125750476,4.941244899638859,100
0.004903256893157959,0.0022539581174841174,0.00030291080474853516,0.0001449209932546165,1.0,0.1,2000,0.0001,"{'alpha': 1.0, 'l1_ratio': 0.1, 'max_iter': 2000, 'tol': 0.0001}",-5.655465644501719,-7.174434583405994,-8.15123402699231,-18.303133951153868,-9.821067051513474,4.977215580098367,103
0.005344390869140625,0.0005861055864063511,0.0005508661270141602,0.00015710287391826997,1.0,0.1,2000,0.001,"{'alpha': 1.0, 'l1_ratio': 0.1, 'max_iter': 2000, 'tol': 0.001}",-5.656540871685306,-7.17368829312159,-8.151683735156332,-18.31758987790203,-9.824875694466314,4.9832111977641365,106
0.0017684102058410645,0.00019861951774627888,0.0001862645149230957,5.3508241923514214e-06,1.0,0.1,2000,0.01,"{'alpha': 1.0, 'l1_ratio': 0.1, 'max_iter': 2000, 'tol': 0.01}",-5.674390805240644,-7.172800947519788,-8.155698247875513,-18.22836250236596,-9.807813125750476,4.941244899638859,100
0.005017101764678955,0.0010498995738144675,0.00035327672958374023,0.000214164083810034,1.0,0.1,5000,0.0001,"{'alpha': 1.0, 'l1_ratio': 0.1, 'max_iter': 5000, 'tol': 0.0001}",-5.655465644501719,-7.174434583405994,-8.15123402699231,-18.303133951153868,-9.821067051513474,4.977215580098367,103
0.0028190016746520996,0.0006669505107431648,0.0001970529556274414,3.0307071691555446e-05,1.0,0.1,5000,0.001,"{'alpha': 1.0, 'l1_ratio': 0.1, 'max_iter': 5000, 'tol': 0.001}",-5.656540871685306,-7.17368829312159,-8.151683735156332,-18.31758987790203,-9.824875694466314,4.9832111977641365,106
0.0023272037506103516,0.0009002661079892759,0.0002269148826599121,6.16523834942782e-05,1.0,0.1,5000,0.01,"{'alpha': 1.0, 'l1_ratio': 0.1, 'max_iter': 5000, 'tol': 0.01}",-5.674390805240644,-7.172800947519788,-8.155698247875513,-18.22836250236596,-9.807813125750476,4.941244899638859,100
0.0026597976684570312,0.0013256191992397147,0.0004717707633972168,0.0005075648041138784,1.0,0.3,1000,0.0001,"{'alpha': 1.0, 'l1_ratio': 0.3, 'max_iter': 1000, 'tol': 0.0001}",-4.22990244973694,-9.683233455586423,-8.95423954878214,-14.601888484695069,-9.367315984700143,3.676418198370805,58
0.0038539767265319824,0.0004936744799389564,0.001681208610534668,0.001713010898754009,1.0,0.3,1000,0.001,"{'alpha': 1.0, 'l1_ratio': 0.3, 'max_iter': 1000, 'tol': 0.001}",-4.229679631593076,-9.682054394110118,-8.95658423629857,-14.602658775495911,-9.367744259374419,3.676679260410495,61
0.0014856457710266113,0.00036039822654193815,0.0002561211585998535,8.747287761945636e-05,1.0,0.3,1000,0.01,"{'alpha': 1.0, 'l1_ratio': 0.3, 'max_iter': 1000, 'tol': 0.01}",-4.231347837499123,-9.690799651905595,-8.956531698208103,-14.583763358699562,-9.365610636578095,3.669566248035914,55
0.0034586191177368164,0.0012830289822031834,0.00035369396209716797,0.00022215299600696038,1.0,0.3,2000,0.0001,"{'alpha': 1.0, 'l1_ratio': 0.3, 'max_iter': 2000, 'tol': 0.0001}",-4.22990244973694,-9.683233455586423,-8.95423954878214,-14.601888484695069,-9.367315984700143,3.676418198370805,58
0.0021328330039978027,0.0007197591426516027,0.0003103017807006836,0.00018985204985168217,1.0,0.3,2000,0.001,"{'alpha': 1.0, 'l1_ratio': 0.3, 'max_iter': 2000, 'tol': 0.001}",-4.229679631593076,-9.682054394110118,-8.95658423629857,-14.602658775495911,-9.367744259374419,3.676679260410495,61
0.0013378262519836426,0.00020685538426881508,0.00019299983978271484,1.3865736671449084e-05,1.0,0.3,2000,0.01,"{'alpha': 1.0, 'l1_ratio': 0.3, 'max_iter': 2000, 'tol': 0.01}",-4.231347837499123,-9.690799651905595,-8.956531698208103,-14.583763358699562,-9.365610636578095,3.669566248035914,55
0.0032764673233032227,0.0009649999941327197,0.0004023313522338867,0.00017543675180330888,1.0,0.3,5000,0.0001,"{'alpha': 1.0, 'l1_ratio': 0.3, 'max_iter': 5000, 'tol': 0.0001}",-4.22990244973694,-9.683233455586423,-8.95423954878214,-14.601888484695069,-9.367315984700143,3.676418198370805,58
0.002933025360107422,0.0008628479054846088,0.0004057884216308594,0.00021586356795981956,1.0,0.3,5000,0.001,"{'alpha': 1.0, 'l1_ratio': 0.3, 'max_iter': 5000, 'tol': 0.001}",-4.229679631593076,-9.682054394110118,-8.95658423629857,-14.602658775495911,-9.367744259374419,3.676679260410495,61
0.0013356804847717285,0.0002659765961225695,0.0002664923667907715,0.0001378837096024971,1.0,0.3,5000,0.01,"{'alpha': 1.0, 'l1_ratio': 0.3, 'max_iter': 5000, 'tol': 0.01}",-4.231347837499123,-9.690799651905595,-8.956531698208103,-14.583763358699562,-9.365610636578095,3.669566248035914,55
0.0026842355728149414,0.000866449142564158,0.00037854909896850586,0.00017490886274662722,1.0,0.5,1000,0.0001,"{'alpha': 1.0, 'l1_ratio': 0.5, 'max_iter': 1000, 'tol': 0.0001}",-4.019514417904364,-10.961292525138644,-9.514634771731533,-12.891454786173643,-9.346724125237046,3.3007311246014335,49
0.0013645291328430176,0.00020180617903412128,0.00017821788787841797,3.20094146301688e-06,1.0,0.5,1000,0.001,"{'alpha': 1.0, 'l1_ratio': 0.5, 'max_iter': 1000, 'tol': 0.001}",-4.019544890037074,-10.960665169290712,-9.513702401481632,-12.887781243886039,-9.345423426173864,3.299644101741387,46
0.001330554485321045,0.00034270012275586215,0.0002060532569885254,2.4832971784555148e-05,1.0,0.5,1000,0.01,"{'alpha': 1.0, 'l1_ratio': 0.5, 'max_iter': 1000, 'tol': 0.01}",-4.0104468930668125,-10.974549157793014,-9.534188004601468,-12.902755064798473,-9.355484780064941,3.3092998046447333,52
0.001624763011932373,0.0002785052715369798,0.0001825094223022461,3.3143612800736056e-06,1.0,0.5,2000,0.0001,"{'alpha': 1.0, 'l1_ratio': 0.5, 'max_iter': 2000, 'tol': 0.0001}",-4.019514417904364,-10.961292525138644,-9.514634771731533,-12.891454786173643,-9.346724125237046,3.3007311246014335,49
0.0014475584030151367,0.0002324448178229717,0.00019997358322143555,2.517003300245635e-05,1.0,0.5,2000,0.001,"{'alpha': 1.0, 'l1_ratio': 0.5, 'max_iter': 2000, 'tol': 0.001}",-4.019544890037074,-10.960665169290712,-9.513702401481632,-12.887781243886039,-9.345423426173864,3.299644101741387,46
0.0010889172554016113,0.00011999341746060188,0.00017982721328735352,2.3864199184379103e-06,1.0,0.5,2000,0.01,"{'alpha': 1.0, 'l1_ratio': 0.5, 'max_iter': 2000, 'tol': 0.01}",-4.0104468930668125,-10.974549157793014,-9.534188004601468,-12.902755064798473,-9.355484780064941,3.3092998046447333,52
0.0040863752365112305,0.0013458091918855178,0.0005340576171875,8.0604875363538e-05,1.0,0.5,5000,0.0001,"{'alpha': 1.0, 'l1_ratio': 0.5, 'max_iter': 5000, 'tol': 0.0001}",-4.019514417904364,-10.961292525138644,-9.514634771731533,-12.891454786173643,-9.346724125237046,3.3007311246014335,49
0.0014853477478027344,0.0002509791286538278,0.0001875162124633789,8.820681921809161e-06,1.0,0.5,5000,0.001,"{'alpha': 1.0, 'l1_ratio': 0.5, 'max_iter': 5000, 'tol': 0.001}",-4.019544890037074,-10.960665169290712,-9.513702401481632,-12.887781243886039,-9.345423426173864,3.299644101741387,46
0.002021491527557373,0.0006335168913658911,0.0004540085792541504,0.00013958795712828813,1.0,0.5,5000,0.01,"{'alpha': 1.0, 'l1_ratio': 0.5, 'max_iter': 5000, 'tol': 0.01}",-4.0104468930668125,-10.974549157793014,-9.534188004601468,-12.902755064798473,-9.355484780064941,3.3092998046447333,52
0.0023726820945739746,0.0007341225401145935,0.0003325343132019043,0.00013147475485678775,1.0,0.7,1000,0.0001,"{'alpha': 1.0, 'l1_ratio': 0.7, 'max_iter': 1000, 'tol': 0.0001}",-3.615704254171743,-12.584710045556463,-9.888072575133537,-11.560107891306567,-9.412148691542077,3.482245896233233,76
0.0022009611129760742,0.000863548826928177,0.0003445148468017578,0.00016682759774375874,1.0,0.7,1000,0.001,"{'alpha': 1.0, 'l1_ratio': 0.7, 'max_iter': 1000, 'tol': 0.001}",-3.6160970446299903,-12.584356525978286,-9.887575181708943,-11.55738899285644,-9.411354436293415,3.4815657760948917,73
0.0010229945182800293,0.00010738823467384676,0.00017940998077392578,1.3953089607619793e-06,1.0,0.7,1000,0.01,"{'alpha': 1.0, 'l1_ratio': 0.7, 'max_iter': 1000, 'tol': 0.01}",-3.6109198402645015,-12.580594525165935,-9.906876922169445,-11.58715115982623,-9.421385611856527,3.488135449704397,79
0.0015080571174621582,0.00027587571182598154,0.00019854307174682617,1.4537058428584863e-05,1.0,0.7,2000,0.0001,"{'alpha': 1.0, 'l1_ratio': 0.7, 'max_iter': 2000, 'tol': 0.0001}",-3.615704254171743,-12.584710045556463,-9.888072575133537,-11.560107891306567,-9.412148691542077,3.482245896233233,76
0.0011904239654541016,0.00016732661933530348,0.00017768144607543945,2.542122377411857e-06,1.0,0.7,2000,0.001,"{'alpha': 1.0, 'l1_ratio': 0.7, 'max_iter': 2000, 'tol': 0.001}",-3.6160970446299903,-12.584356525978286,-9.887575181708943,-11.55738899285644,-9.411354436293415,3.4815657760948917,73
0.0021541714668273926,0.0005955564481555488,0.0007531046867370605,0.0006893226505428161,1.0,0.7,2000,0.01,"{'alpha': 1.0, 'l1_ratio': 0.7, 'max_iter': 2000, 'tol': 0.01}",-3.6109198402645015,-12.580594525165935,-9.906876922169445,-11.58715115982623,-9.421385611856527,3.488135449704397,79
0.0014426708221435547,0.0002444629408874574,0.00018310546875,3.548354164633087e-06,1.0,0.7,5000,0.0001,"{'alpha': 1.0, 'l1_ratio': 0.7, 'max_iter': 5000, 'tol': 0.0001}",-3.615704254171743,-12.584710045556463,-9.888072575133537,-11.560107891306567,-9.412148691542077,3.482245896233233,76
0.0014690756797790527,0.00044656322954676324,0.0001944899559020996,1.8264617754710562e-05,1.0,0.7,5000,0.001,"{'alpha': 1.0, 'l1_ratio': 0.7, 'max_iter': 5000, 'tol': 0.001}",-3.6160970446299903,-12.584356525978286,-9.887575181708943,-11.55738899285644,-9.411354436293415,3.4815657760948917,73
0.0010241270065307617,0.0001059421883147656,0.00017756223678588867,3.155670521723997e-06,1.0,0.7,5000,0.01,"{'alpha': 1.0, 'l1_ratio': 0.7, 'max_iter': 5000, 'tol': 0.01}",-3.6109198402645015,-12.580594525165935,-9.906876922169445,-11.58715115982623,-9.421385611856527,3.488135449704397,79
0.0019764304161071777,0.0012464223621200606,0.00022661685943603516,4.9718563385774163e-05,1.0,0.9,1000,0.0001,"{'alpha': 1.0, 'l1_ratio': 0.9, 'max_iter': 1000, 'tol': 0.0001}",-3.4473995090451726,-13.732193650341063,-9.992031399199764,-11.284137468201521,-9.613940506696881,3.8052183723167414,85
0.001139998435974121,0.00023845466698277918,0.00017970800399780273,1.1356210042987853e-06,1.0,0.9,1000,0.001,"{'alpha': 1.0, 'l1_ratio': 0.9, 'max_iter': 1000, 'tol': 0.001}",-3.4471302229988217,-13.732200968356182,-9.993027587638885,-11.283763434660134,-9.614030553413507,3.8053131900819173,88
0.0009181499481201172,0.00011967710255801797,0.00017654895782470703,1.4745374771181322e-06,1.0,0.9,1000,0.01,"{'alpha': 1.0, 'l1_ratio': 0.9, 'max_iter': 1000, 'tol': 0.01}",-3.4443332183341315,-13.73252305443035,-9.986711475349281,-11.279926838764771,-9.610873646719634,3.8059560995333377,82
0.0013281702995300293,0.0003633425372277773,0.000179290771484375,4.091501784737232e-06,1.0,0.9,2000,0.0001,"{'alpha': 1.0, 'l1_ratio': 0.9, 'max_iter': 2000, 'tol': 0.0001}",-3.4473995090451726,-13.732193650341063,-9.992031399199764,-11.284137468201521,-9.613940506696881,3.8052183723167414,85
0.0020477771759033203,0.000898968863516593,0.00031107664108276367,0.00015541868550378524,1.0,0.9,2000,0.001,"{'alpha': 1.0, 'l1_ratio': 0.9, 'max_iter': 2000, 'tol': 0.001}",-3.4471302229988217,-13.732200968356182,-9.993027587638885,-11.283763434660134,-9.614030553413507,3.8053131900819173,88
0.0009440779685974121,0.0001271618823965632,0.0001779794692993164,2.296133075268057e-06,1.0,0.9,2000,0.01,"{'alpha': 1.0, 'l1_ratio': 0.9, 'max_iter': 2000, 'tol': 0.01}",-3.4443332183341315,-13.73252305443035,-9.986711475349281,-11.279926838764771,-9.610873646719634,3.8059560995333377,82
0.0018936395645141602,0.0008964352228505549,0.00042045116424560547,0.00024043715808435548,1.0,0.9,5000,0.0001,"{'alpha': 1.0, 'l1_ratio': 0.9, 'max_iter': 5000, 'tol': 0.0001}",-3.4473995090451726,-13.732193650341063,-9.992031399199764,-11.284137468201521,-9.613940506696881,3.8052183723167414,85
0.0019328594207763672,0.0009930690495616931,0.0003288388252258301,0.00022547940801592888,1.0,0.9,5000,0.001,"{'alpha': 1.0, 'l1_ratio': 0.9, 'max_iter': 5000, 'tol': 0.001}",-3.4471302229988217,-13.732200968356182,-9.993027587638885,-11.283763434660134,-9.614030553413507,3.8053131900819173,88
0.0010492801666259766,0.00022380317858845366,0.00019878149032592773,2.120275539173474e-05,1.0,0.9,5000,0.01,"{'alpha': 1.0, 'l1_ratio': 0.9, 'max_iter': 5000, 'tol': 0.01}",-3.4443332183341315,-13.73252305443035,-9.986711475349281,-11.279926838764771,-9.610873646719634,3.8059560995333377,82
0.0010474324226379395,0.00025365178701435687,0.00017851591110229492,2.2767101829986904e-06,1.0,1.0,1000,0.0001,"{'alpha': 1.0, 'l1_ratio': 1.0, 'max_iter': 1000, 'tol': 0.0001}",-3.4099073341874617,-13.851897686256825,-10.00342596571295,-11.245449649790402,-9.62767015898691,3.8491257336814697,97
0.0015454888343811035,0.0006408659558264966,0.00041431188583374023,0.00024686251447793387,1.0,1.0,1000,0.001,"{'alpha': 1.0, 'l1_ratio': 1.0, 'max_iter': 1000, 'tol': 0.001}",-3.410078358451593,-13.851897686256825,-10.002285844044039,-11.245607548449797,-9.627467359300564,3.849045470744366,94
0.0015812516212463379,0.0008003541314034694,0.000299990177154541,0.00014770809086507686,1.0,1.0,1000,0.01,"{'alpha': 1.0, 'l1_ratio': 1.0, 'max_iter': 1000, 'tol': 0.01}",-3.412442806408797,-13.851897686256825,-9.9906546128983,-11.250316755076323,-9.626327965160062,3.8483074763467404,91
0.0014327764511108398,0.0007434628862497303,0.00022172927856445312,5.7250501772679866e-05,1.0,1.0,2000,0.0001,"{'alpha': 1.0, 'l1_ratio': 1.0, 'max_iter': 2000, 'tol': 0.0001}",-3.4099073341874617,-13.851897686256825,-10.00342596571295,-11.245449649790402,-9.62767015898691,3.8491257336814697,97
0.0009612441062927246,0.00019016937343664236,0.00017654895782470703,4.096708363876243e-06,1.0,1.0,2000,0.001,"{'alpha': 1.0, 'l1_ratio': 1.0, 'max_iter': 2000, 'tol': 0.001}",-3.410078358451593,-13.851897686256825,-10.002285844044039,-11.245607548449797,-9.627467359300564,3.849045470744366,94
0.0008404850959777832,0.000118622093613298,0.00017452239990234375,2.9053825394997457e-06,1.0,1.0,2000,0.01,"{'alpha': 1.0, 'l1_ratio': 1.0, 'max_iter': 2000, 'tol': 0.01}",-3.412442806408797,-13.851897686256825,-9.9906546128983,-11.250316755076323,-9.626327965160062,3.8483074763467404,91
0.0024276375770568848,0.0008010112312588655,0.000391542911529541,0.00013320808683513931,1.0,1.0,5000,0.0001,"{'alpha': 1.0, 'l1_ratio': 1.0, 'max_iter': 5000, 'tol': 0.0001}",-3.4099073341874617,-13.851897686256825,-10.00342596571295,-11.245449649790402,-9.62767015898691,3.8491257336814697,97
0.0022268295288085938,0.0007663703865196844,0.00040984153747558594,0.0001388982116687508,1.0,1.0,5000,0.001,"{'alpha': 1.0, 'l1_ratio': 1.0, 'max_iter': 5000, 'tol': 0.001}",-3.410078358451593,-13.851897686256825,-10.002285844044039,-11.245607548449797,-9.627467359300564,3.849045470744366,94
0.0008886456489562988,0.00013025297889818476,0.00018155574798583984,3.5583523646829844e-06,1.0,1.0,5000,0.01,"{'alpha': 1.0, 'l1_ratio': 1.0, 'max_iter': 5000, 'tol': 0.01}",-3.412442806408797,-13.851897686256825,-9.9906546128983,-11.250316755076323,-9.626327965160062,3.8483074763467404,91
0.0009407997131347656,0.00018636343236792376,0.0002739429473876953,0.00016794037845157335,10.0,0.1,1000,0.0001,"{'alpha': 10.0, 'l1_ratio': 0.1, 'max_iter': 1000, 'tol': 0.0001}",-3.4134671789010733,-14.080662897073971,-9.33067432644499,-10.649609933726143,-9.368603584036546,3.8506352875168237,67
0.0026288628578186035,0.00042472034424828305,0.0005110502243041992,0.00012031678494778141,10.0,0.1,1000,0.001,"{'alpha': 10.0, 'l1_ratio': 0.1, 'max_iter': 1000, 'tol': 0.001}",-3.4134668884490496,-14.080662669662603,-9.330670664927448,-10.649601819936189,-9.368600510743821,3.850634664450011,64
0.0023096799850463867,0.000839141522669711,0.0004962682723999023,0.00017261130535687347,10.0,0.1,1000,0.01,"{'alpha': 10.0, 'l1_ratio': 0.1, 'max_iter': 1000, 'tol': 0.01}",-3.4134669050010764,-14.080662669662603,-9.330598059789693,-10.649883849772744,-9.368652871056529,3.8506582950823525,70
0.0008872151374816895,8.613419762798036e-05,0.0001823902130126953,4.412354355650365e-06,10.0,0.1,2000,0.0001,"{'alpha': 10.0, 'l1_ratio': 0.1, 'max_iter': 2000, 'tol': 0.0001}",-3.4134671789010733,-14.080662897073971,-9.33067432644499,-10.649609933726143,-9.368603584036546,3.8506352875168237,67
0.0008132457733154297,5.567801283004321e-05,0.00017452239990234375,4.76837158203125e-07,10.0,0.1,2000,0.001,"{'alpha': 10.0, 'l1_ratio': 0.1, 'max_iter': 2000, 'tol': 0.001}",-3.4134668884490496,-14.080662669662603,-9.330670664927448,-10.649601819936189,-9.368600510743821,3.850634664450011,64
0.0015515685081481934,0.0006282411529315702,0.0003727078437805176,0.00017360011138930573,10.0,0.1,2000,0.01,"{'alpha': 10.0, 'l1_ratio': 0.1, 'max_iter': 2000, 'tol': 0.01}",-3.4134669050010764,-14.080662669662603,-9.330598059789693,-10.649883849772744,-9.368652871056529,3.8506582950823525,70
0.0022315382957458496,0.0006806424392947528,0.0004183053970336914,0.0001733398582445268,10.0,0.1,5000,0.0001,"{'alpha': 10.0, 'l1_ratio': 0.1, 'max_iter': 5000, 'tol': 0.0001}",-3.4134671789010733,-14.080662897073971,-9.33067432644499,-10.649609933726143,-9.368603584036546,3.8506352875168237,67
0.0008422136306762695,7.018795556522957e-05,0.0001837611198425293,3.5936213242966797e-06,10.0,0.1,5000,0.001,"{'alpha': 10.0, 'l1_ratio': 0.1, 'max_iter': 5000, 'tol': 0.001}",-3.4134668884490496,-14.080662669662603,-9.330670664927448,-10.649601819936189,-9.368600510743821,3.850634664450011,64
0.0007654428482055664,3.3115945845269976e-05,0.00017726421356201172,1.3953089607619793e-06,10.0,0.1,5000,0.01,"{'alpha': 10.0, 'l1_ratio': 0.1, 'max_iter': 5000, 'tol': 0.01}",-3.4134669050010764,-14.080662669662603,-9.330598059789693,-10.649883849772744,-9.368652871056529,3.8506582950823525,70
0.0006635785102844238,1.4899134498100609e-05,0.0001761317253112793,1.2990531157078367e-06,10.0,0.3,1000,0.0001,"{'alpha': 10.0, 'l1_ratio': 0.3, 'max_iter': 1000, 'tol': 0.0001}",-3.424883380345334,-14.117822506066751,-9.404799525802208,-10.272316820260663,-9.304955558118738,3.8302967804026262,1
0.0019875764846801758,0.0006577142095439115,0.0004807114601135254,0.0002451325276703518,10.0,0.3,1000,0.001,"{'alpha': 10.0, 'l1_ratio': 0.3, 'max_iter': 1000, 'tol': 0.001}",-3.424883380345334,-14.117822506066751,-9.404799525802208,-10.272316820260663,-9.304955558118738,3.8302967804026262,1
0.0006815791130065918,2.1568235356385992e-05,0.00018233060836791992,3.497426653428221e-06,10.0,0.3,1000,0.01,"{'alpha': 10.0, 'l1_ratio': 0.3, 'max_iter': 1000, 'tol': 0.01}",-3.424883380345334,-14.117822506066751,-9.404799525802208,-10.272316820260663,-9.304955558118738,3.8302967804026262,1
0.0006612539291381836,2.984996801745633e-06,0.00017726421356201172,2.4226190367819756e-06,10.0,0.3,2000,0.0001,"{'alpha': 10.0, 'l1_ratio': 0.3, 'max_iter': 2000, 'tol': 0.0001}",-3.424883380345334,-14.117822506066751,-9.404799525802208,-10.272316820260663,-9.304955558118738,3.8302967804026262,1
0.0006658434867858887,1.3114511882049253e-05,0.00017595291137695312,1.5078914929239175e-06,10.0,0.3,2000,0.001,"{'alpha': 10.0, 'l1_ratio': 0.3, 'max_iter': 2000, 'tol': 0.001}",-3.424883380345334,-14.117822506066751,-9.404799525802208,-10.272316820260663,-9.304955558118738,3.8302967804026262,1
0.0010668039321899414,0.0005213542877775901,0.00023305416107177734,5.983724508839558e-05,10.0,0.3,2000,0.01,"{'alpha': 10.0, 'l1_ratio': 0.3, 'max_iter': 2000, 'tol': 0.01}",-3.424883380345334,-14.117822506066751,-9.404799525802208,-10.272316820260663,-9.304955558118738,3.8302967804026262,1
0.00067138671875,2.707914517307412e-06,0.00018072128295898438,1.710975181389728e-06,10.0,0.3,5000,0.0001,"{'alpha': 10.0, 'l1_ratio': 0.3, 'max_iter': 5000, 'tol': 0.0001}",-3.424883380345334,-14.117822506066751,-9.404799525802208,-10.272316820260663,-9.304955558118738,3.8302967804026262,1
0.0006663799285888672,2.483447391509969e-06,0.00017833709716796875,2.2302015940987716e-06,10.0,0.3,5000,0.001,"{'alpha': 10.0, 'l1_ratio': 0.3, 'max_iter': 5000, 'tol': 0.001}",-3.424883380345334,-14.117822506066751,-9.404799525802208,-10.272316820260663,-9.304955558118738,3.8302967804026262,1
0.0006620287895202637,4.913317560208113e-06,0.00017791986465454102,1.265809570646006e-06,10.0,0.3,5000,0.01,"{'alpha': 10.0, 'l1_ratio': 0.3, 'max_iter': 5000, 'tol': 0.01}",-3.424883380345334,-14.117822506066751,-9.404799525802208,-10.272316820260663,-9.304955558118738,3.8302967804026262,1
0.0008107423782348633,0.00017244459167256213,0.00019931793212890625,2.1525778240144455e-05,10.0,0.5,1000,0.0001,"{'alpha': 10.0, 'l1_ratio': 0.5, 'max_iter': 1000, 'tol': 0.0001}",-3.424883380345334,-14.117822506066751,-9.404799525802208,-10.272316820260663,-9.304955558118738,3.8302967804026262,1
0.0006639957427978516,1.6896628990079892e-05,0.00017815828323364258,3.5095951795615026e-06,10.0,0.5,1000,0.001,"{'alpha': 10.0, 'l1_ratio': 0.5, 'max_iter': 1000, 'tol': 0.001}",-3.424883380345334,-14.117822506066751,-9.404799525802208,-10.272316820260663,-9.304955558118738,3.8302967804026262,1
0.000926971435546875,0.0004742096092288542,0.0002579689025878906,0.00014425880568830888,10.0,0.5,1000,0.01,"{'alpha': 10.0, 'l1_ratio': 0.5, 'max_iter': 1000, 'tol': 0.01}",-3.424883380345334,-14.117822506066751,-9.404799525802208,-10.272316820260663,-9.304955558118738,3.8302967804026262,1
0.0018102526664733887,0.000664252482706356,0.0004502534866333008,0.00026516634724916915,10.0,0.5,2000,0.0001,"{'alpha': 10.0, 'l1_ratio': 0.5, 'max_iter': 2000, 'tol': 0.0001}",-3.424883380345334,-14.117822506066751,-9.404799525802208,-10.272316820260663,-9.304955558118738,3.8302967804026262,1
0.00174790620803833,0.00038479674301415017,0.0005022883415222168,0.0002000951539560196,10.0,0.5,2000,0.001,"{'alpha': 10.0, 'l1_ratio': 0.5, 'max_iter': 2000, 'tol': 0.001}",-3.424883380345334,-14.117822506066751,-9.404799525802208,-10.272316820260663,-9.304955558118738,3.8302967804026262,1
0.0007265806198120117,5.709726761728425e-05,0.00019019842147827148,8.117399866996382e-06,10.0,0.5,2000,0.01,"{'alpha': 10.0, 'l1_ratio': 0.5, 'max_iter': 2000, 'tol': 0.01}",-3.424883380345334,-14.117822506066751,-9.404799525802208,-10.272316820260663,-9.304955558118738,3.8302967804026262,1
0.0006717443466186523,3.6568311810917775e-06,0.00017696619033813477,1.265809570646006e-06,10.0,0.5,5000,0.0001,"{'alpha': 10.0, 'l1_ratio': 0.5, 'max_iter': 5000, 'tol': 0.0001}",-3.424883380345334,-14.117822506066751,-9.404799525802208,-10.272316820260663,-9.304955558118738,3.8302967804026262,1
0.0006659030914306641,6.652262891914227e-06,0.0001760721206665039,2.1883916557652735e-06,10.0,0.5,5000,0.001,"{'alpha': 10.0, 'l1_ratio': 0.5, 'max_iter': 5000, 'tol': 0.001}",-3.424883380345334,-14.117822506066751,-9.404799525802208,-10.272316820260663,-9.304955558118738,3.8302967804026262,1
0.001132667064666748,0.0006402485210777542,0.00021708011627197266,4.310911856755032e-05,10.0,0.5,5000,0.01,"{'alpha': 10.0, 'l1_ratio': 0.5, 'max_iter': 5000, 'tol': 0.01}",-3.424883380345334,-14.117822506066751,-9.404799525802208,-10.272316820260663,-9.304955558118738,3.8302967804026262,1
0.0006675124168395996,4.733599599902252e-06,0.00017774105072021484,3.1291019316689224e-06,10.0,0.7,1000,0.0001,"{'alpha': 10.0, 'l1_ratio': 0.7, 'max_iter': 1000, 'tol': 0.0001}",-3.424883380345334,-14.117822506066751,-9.404799525802208,-10.272316820260663,-9.304955558118738,3.8302967804026262,1
0.0006539821624755859,4.254953455346763e-06,0.0001742839813232422,1.572478527816882e-06,10.0,0.7,1000,0.001,"{'alpha': 10.0, 'l1_ratio': 0.7, 'max_iter': 1000, 'tol': 0.001}",-3.424883380345334,-14.117822506066751,-9.404799525802208,-10.272316820260663,-9.304955558118738,3.8302967804026262,1
0.0006516575813293457,3.98014450664438e-06,0.0001742839813232422,1.1557769435444663e-06,10.0,0.7,1000,0.01,"{'alpha': 10.0, 'l1_ratio': 0.7, 'max_iter': 1000, 'tol': 0.01}",-3.424883380345334,-14.117822506066751,-9.404799525802208,-10.272316820260663,-9.304955558118738,3.8302967804026262,1
0.0007326602935791016,6.902372279441151e-05,0.00019472837448120117,1.2909188221243622e-05,10.0,0.7,2000,0.0001,"{'alpha': 10.0, 'l1_ratio': 0.7, 'max_iter': 2000, 'tol': 0.0001}",-3.424883380345334,-14.117822506066751,-9.404799525802208,-10.272316820260663,-9.304955558118738,3.8302967804026262,1
0.0006546378135681152,3.020132707649718e-05,0.00017654895782470703,1.5125963140069866e-06,10.0,0.7,2000,0.001,"{'alpha': 10.0, 'l1_ratio': 0.7, 'max_iter': 2000, 'tol': 0.001}",-3.424883380345334,-14.117822506066751,-9.404799525802208,-10.272316820260663,-9.304955558118738,3.8302967804026262,1
0.0006496310234069824,3.060192089009149e-05,0.00017511844635009766,6.194296387084284e-07,10.0,0.7,2000,0.01,"{'alpha': 10.0, 'l1_ratio': 0.7, 'max_iter': 2000, 'tol': 0.01}",-3.424883380345334,-14.117822506066751,-9.404799525802208,-10.272316820260663,-9.304955558118738,3.8302967804026262,1
0.001332402229309082,0.000732067353049906,0.0003154873847961426,0.0001713109558271237,10.0,0.7,5000,0.0001,"{'alpha': 10.0, 'l1_ratio': 0.7, 'max_iter': 5000, 'tol': 0.0001}",-3.424883380345334,-14.117822506066751,-9.404799525802208,-10.272316820260663,-9.304955558118738,3.8302967804026262,1
0.0020366907119750977,0.0005056790476639172,0.0004628300666809082,0.0001435924634506021,10.0,0.7,5000,0.001,"{'alpha': 10.0, 'l1_ratio': 0.7, 'max_iter': 5000, 'tol': 0.001}",-3.424883380345334,-14.117822506066751,-9.404799525802208,-10.272316820260663,-9.304955558118738,3.8302967804026262,1
0.000705420970916748,3.822228886765761e-05,0.00018262863159179688,7.358216935163004e-06,10.0,0.7,5000,0.01,"{'alpha': 10.0, 'l1_ratio': 0.7, 'max_iter': 5000, 'tol': 0.01}",-3.424883380345334,-14.117822506066751,-9.404799525802208,-10.272316820260663,-9.304955558118738,3.8302967804026262,1
0.0006622672080993652,1.0829525901482638e-05,0.00017517805099487305,1.9687586504118137e-06,10.0,0.9,1000,0.0001,"{'alpha': 10.0, 'l1_ratio': 0.9, 'max_iter': 1000, 'tol': 0.0001}",-3.424883380345334,-14.117822506066751,-9.404799525802208,-10.272316820260663,-9.304955558118738,3.8302967804026262,1
0.0006544589996337891,5.258737802532381e-06,0.0001742839813232422,1.4984375345678968e-06,10.0,0.9,1000,0.001,"{'alpha': 10.0, 'l1_ratio': 0.9, 'max_iter': 1000, 'tol': 0.001}",-3.424883380345334,-14.117822506066751,-9.404799525802208,-10.272316820260663,-9.304955558118738,3.8302967804026262,1
0.0012012124061584473,0.000685342061804291,0.0002867579460144043,0.00014600966496462948,10.0,0.9,1000,0.01,"{'alpha': 10.0, 'l1_ratio': 0.9, 'max_iter': 1000, 'tol': 0.01}",-3.424883380345334,-14.117822506066751,-9.404799525802208,-10.272316820260663,-9.304955558118738,3.8302967804026262,1
0.0006730556488037109,6.341665305266564e-06,0.00018256902694702148,2.380457585777743e-06,10.0,0.9,2000,0.0001,"{'alpha': 10.0, 'l1_ratio': 0.9, 'max_iter': 2000, 'tol': 0.0001}",-3.424883380345334,-14.117822506066751,-9.404799525802208,-10.272316820260663,-9.304955558118738,3.8302967804026262,1
0.0006538033485412598,6.685026953246449e-06,0.00017714500427246094,1.0392424925662694e-06,10.0,0.9,2000,0.001,"{'alpha': 10.0, 'l1_ratio': 0.9, 'max_iter': 2000, 'tol': 0.001}",-3.424883380345334,-14.117822506066751,-9.404799525802208,-10.272316820260663,-9.304955558118738,3.8302967804026262,1
0.0006452798843383789,4.24324792159979e-06,0.0001767277717590332,3.097148193542142e-07,10.0,0.9,2000,0.01,"{'alpha': 10.0, 'l1_ratio': 0.9, 'max_iter': 2000, 'tol': 0.01}",-3.424883380345334,-14.117822506066751,-9.404799525802208,-10.272316820260663,-9.304955558118738,3.8302967804026262,1
0.00201493501663208,0.0007094456684523304,0.00047069787979125977,0.00023303049331985988,10.0,0.9,5000,0.0001,"{'alpha': 10.0, 'l1_ratio': 0.9, 'max_iter': 5000, 'tol': 0.0001}",-3.424883380345334,-14.117822506066751,-9.404799525802208,-10.272316820260663,-9.304955558118738,3.8302967804026262,1
0.0006839632987976074,1.1747257442724573e-05,0.00018531084060668945,3.3437090105428098e-06,10.0,0.9,5000,0.001,"{'alpha': 10.0, 'l1_ratio': 0.9, 'max_iter': 5000, 'tol': 0.001}",-3.424883380345334,-14.117822506066751,-9.404799525802208,-10.272316820260663,-9.304955558118738,3.8302967804026262,1
0.0006526708602905273,3.7108379402812434e-06,0.00017750263214111328,1.6900833700606615e-06,10.0,0.9,5000,0.01,"{'alpha': 10.0, 'l1_ratio': 0.9, 'max_iter': 5000, 'tol': 0.01}",-3.424883380345334,-14.117822506066751,-9.404799525802208,-10.272316820260663,-9.304955558118738,3.8302967804026262,1
0.0006527304649353027,2.5654312731224582e-05,0.00017279386520385742,6.179078726320695e-06,10.0,1.0,1000,0.0001,"{'alpha': 10.0, 'l1_ratio': 1.0, 'max_iter': 1000, 'tol': 0.0001}",-3.424883380345334,-14.117822506066751,-9.404799525802208,-10.272316820260663,-9.304955558118738,3.8302967804026262,1
0.0018045306205749512,0.0008419275282969529,0.00036072731018066406,0.00020517272865739798,10.0,1.0,1000,0.001,"{'alpha': 10.0, 'l1_ratio': 1.0, 'max_iter': 1000, 'tol': 0.001}",-3.424883380345334,-14.117822506066751,-9.404799525802208,-10.272316820260663,-9.304955558118738,3.8302967804026262,1
0.0008851289749145508,9.233734877861045e-05,0.00023621320724487305,1.7787667849392e-05,10.0,1.0,1000,0.01,"{'alpha': 10.0, 'l1_ratio': 1.0, 'max_iter': 1000, 'tol': 0.01}",-3.424883380345334,-14.117822506066751,-9.404799525802208,-10.272316820260663,-9.304955558118738,3.8302967804026262,1
0.0008655786514282227,6.702711257781195e-05,0.00023233890533447266,2.3450318652721374e-05,10.0,1.0,2000,0.0001,"{'alpha': 10.0, 'l1_ratio': 1.0, 'max_iter': 2000, 'tol': 0.0001}",-3.424883380345334,-14.117822506066751,-9.404799525802208,-10.272316820260663,-9.304955558118738,3.8302967804026262,1
0.0008590817451477051,7.741675121799668e-05,0.00021851062774658203,1.1546082802548663e-05,10.0,1.0,2000,0.001,"{'alpha': 10.0, 'l1_ratio': 1.0, 'max_iter': 2000, 'tol': 0.001}",-3.424883380345334,-14.117822506066751,-9.404799525802208,-10.272316820260663,-9.304955558118738,3.8302967804026262,1
0.0008606314659118652,2.6561143228831937e-05,0.00022494792938232422,1.9331395356923078e-05,10.0,1.0,2000,0.01,"{'alpha': 10.0, 'l1_ratio': 1.0, 'max_iter': 2000, 'tol': 0.01}",-3.424883380345334,-14.117822506066751,-9.404799525802208,-10.272316820260663,-9.304955558118738,3.8302967804026262,1
0.0007812380790710449,3.918356034833308e-05,0.0002117753028869629,1.6843876088220586e-05,10.0,1.0,5000,0.0001,"{'alpha': 10.0, 'l1_ratio': 1.0, 'max_iter': 5000, 'tol': 0.0001}",-3.424883380345334,-14.117822506066751,-9.404799525802208,-10.272316820260663,-9.304955558118738,3.8302967804026262,1
0.0008876919746398926,0.00010413535318403896,0.0002468228340148926,3.142306900133566e-05,10.0,1.0,5000,0.001,"{'alpha': 10.0, 'l1_ratio': 1.0, 'max_iter': 5000, 'tol': 0.001}",-3.424883380345334,-14.117822506066751,-9.404799525802208,-10.272316820260663,-9.304955558118738,3.8302967804026262,1
0.0008755922317504883,7.315304060152867e-05,0.00022393465042114258,1.957311624533641e-05,10.0,1.0,5000,0.01,"{'alpha': 10.0, 'l1_ratio': 1.0, 'max_iter': 5000, 'tol': 0.01}",-3.424883380345334,-14.117822506066751,-9.404799525802208,-10.272316820260663,-9.304955558118738,3.8302967804026262,1
