mean_fit_time,std_fit_time,mean_score_time,std_score_time,param_max_depth,param_max_features,param_min_samples_leaf,param_min_samples_split,param_n_estimators,params,split0_test_score,split1_test_score,split2_test_score,mean_test_score,std_test_score,rank_test_score
0.06449127197265625,0.006096735528168528,0.006237109502156575,0.0018770437408960321,10,sqrt,1,2,100,"{'max_depth': 10, 'max_features': 'sqrt', 'min_samples_leaf': 1, 'min_samples_split': 2, 'n_estimators': 100}",-12.150072275801412,-20.04940671373256,-52.403551119351114,-28.20101003629503,17.41497664460745,108
0.14574694633483887,0.0009204775584468966,0.006616353988647461,0.001325016496124283,10,sqrt,1,2,200,"{'max_depth': 10, 'max_features': 'sqrt', 'min_samples_leaf': 1, 'min_samples_split': 2, 'n_estimators': 200}",-11.91066551962378,-19.993996380214067,-50.414312934848326,-27.439658278228723,16.577316366924258,97
0.21343135833740234,0.003119090574708621,0.006132761637369792,0.00025535244473752017,10,sqrt,1,2,300,"{'max_depth': 10, 'max_features': 'sqrt', 'min_samples_leaf': 1, 'min_samples_split': 2, 'n_estimators': 300}",-11.676708459207164,-19.184705428898976,-51.289340454371,-27.383584780825714,17.179568686216726,94
0.07199438412984212,0.002547568354987831,0.004854599634806315,0.0021626012264889766,10,sqrt,1,5,100,"{'max_depth': 10, 'max_features': 'sqrt', 'min_samples_leaf': 1, 'min_samples_split': 5, 'n_estimators': 100}",-12.092867515749711,-16.232540314446965,-52.39546204570252,-26.90695662529973,18.102157406314774,82
0.15635037422180176,0.008512144390307522,0.008550246556599935,0.0030364770480972316,10,sqrt,1,5,200,"{'max_depth': 10, 'max_features': 'sqrt', 'min_samples_leaf': 1, 'min_samples_split': 5, 'n_estimators': 200}",-11.916513957974074,-15.649191352125257,-50.228834061488065,-25.93151312386247,17.24824771180513,23
0.20352729161580405,0.01724280182098267,0.006533225377400716,0.0006857533512777718,10,sqrt,1,5,300,"{'max_depth': 10, 'max_features': 'sqrt', 'min_samples_leaf': 1, 'min_samples_split': 5, 'n_estimators': 300}",-11.621883627433665,-15.546857668478356,-50.74117174297855,-25.969971012963526,17.589023935601457,33
0.07175604502360027,0.012582464446552631,0.004706064860026042,0.002174562716235797,10,sqrt,1,10,100,"{'max_depth': 10, 'max_features': 'sqrt', 'min_samples_leaf': 1, 'min_samples_split': 10, 'n_estimators': 100}",-11.797024440544298,-17.21370167942821,-52.06398133204744,-27.02490248400665,17.842864124468427,88
0.14010063807169595,0.01051925753808497,0.0065962473551432295,0.0030566199775616818,10,sqrt,1,10,200,"{'max_depth': 10, 'max_features': 'sqrt', 'min_samples_leaf': 1, 'min_samples_split': 10, 'n_estimators': 200}",-11.628513150750434,-16.63853122197814,-50.511087499546186,-26.259377290758255,17.270092767687125,56
0.2033099333445231,0.009291153910803622,0.008991638819376627,0.004115832930958206,10,sqrt,1,10,300,"{'max_depth': 10, 'max_features': 'sqrt', 'min_samples_leaf': 1, 'min_samples_split': 10, 'n_estimators': 300}",-11.348861813970881,-16.53362108577628,-50.432922303045146,-26.105135067597434,17.33207731359309,46
0.0962376594543457,0.014164453636867682,0.005930423736572266,0.0021584925636116887,10,sqrt,2,2,100,"{'max_depth': 10, 'max_features': 'sqrt', 'min_samples_leaf': 2, 'min_samples_split': 2, 'n_estimators': 100}",-11.75941188573762,-17.217058374473794,-53.53184918553128,-27.5027731485809,18.539706502567437,102
0.13755393028259277,0.0058592149493828845,0.004530986150105794,3.9043585174359095e-05,10,sqrt,2,2,200,"{'max_depth': 10, 'max_features': 'sqrt', 'min_samples_leaf': 2, 'min_samples_split': 2, 'n_estimators': 200}",-11.694165365003506,-17.66549500210111,-50.491601734275925,-26.617087367126846,17.056934496153872,72
0.21629738807678223,0.009104896023482311,0.007584730784098308,0.002246246243608491,10,sqrt,2,2,300,"{'max_depth': 10, 'max_features': 'sqrt', 'min_samples_leaf': 2, 'min_samples_split': 2, 'n_estimators': 300}",-11.494618673156943,-17.714286662397086,-50.79180924581185,-26.666904860455293,17.246822435375194,75
0.0717164675394694,0.005360021507346117,0.006326913833618164,0.0023271678161595464,10,sqrt,2,5,100,"{'max_depth': 10, 'max_features': 'sqrt', 'min_samples_leaf': 2, 'min_samples_split': 5, 'n_estimators': 100}",-11.683236797766794,-17.440964966626908,-51.895175618638966,-27.006459127677555,17.755262409441922,87
0.1309986114501953,0.004963930256729716,0.006904760996500651,0.001745389639238262,10,sqrt,2,5,200,"{'max_depth': 10, 'max_features': 'sqrt', 'min_samples_leaf': 2, 'min_samples_split': 5, 'n_estimators': 200}",-11.616798449878473,-17.34768712413524,-49.73219357036099,-26.232226381458236,16.780884256772858,51
0.20423436164855957,0.02936552960570303,0.006762981414794922,0.0011410524392229853,10,sqrt,2,5,300,"{'max_depth': 10, 'max_features': 'sqrt', 'min_samples_leaf': 2, 'min_samples_split': 5, 'n_estimators': 300}",-11.407512866467103,-17.17356386970598,-50.86913374203597,-26.483403492736347,17.40325095849801,64
0.07706658045450847,0.0038595141130700616,0.0031047662099202475,6.790098997848575e-05,10,sqrt,2,10,100,"{'max_depth': 10, 'max_features': 'sqrt', 'min_samples_leaf': 2, 'min_samples_split': 10, 'n_estimators': 100}",-11.461314928611841,-19.15051033196653,-52.01399267915261,-27.54193931324366,17.586774925980876,103
0.14207943280537924,0.006291063392681066,0.01238266626993815,0.00037723989326303816,10,sqrt,2,10,200,"{'max_depth': 10, 'max_features': 'sqrt', 'min_samples_leaf': 2, 'min_samples_split': 10, 'n_estimators': 200}",-11.46660675475131,-18.511345377933328,-50.14476245408838,-26.707571528924337,16.820295764624788,76
0.22318085034688315,0.013182733671896379,0.009910106658935547,0.002881140025121711,10,sqrt,2,10,300,"{'max_depth': 10, 'max_features': 'sqrt', 'min_samples_leaf': 2, 'min_samples_split': 10, 'n_estimators': 300}",-11.249466508795585,-18.33191499425238,-50.65134795305423,-26.744243152034063,17.150364701904707,79
0.06252463658650716,0.0032666296740501036,0.0029986699422200522,1.533599698436028e-05,10,sqrt,4,2,100,"{'max_depth': 10, 'max_features': 'sqrt', 'min_samples_leaf': 4, 'min_samples_split': 2, 'n_estimators': 100}",-11.6789780753151,-28.29714127060638,-51.494979855809014,-30.490366400576832,16.328628780950428,151
0.13828031222025552,0.007004765448542226,0.0063966115315755205,0.0023262368063438356,10,sqrt,4,2,200,"{'max_depth': 10, 'max_features': 'sqrt', 'min_samples_leaf': 4, 'min_samples_split': 2, 'n_estimators': 200}",-11.39431984637295,-27.69020767034906,-50.266228450887795,-29.783585322536606,15.938276613976546,118
0.19899789492289224,0.010854782320473634,0.014106432596842447,0.006815481293429313,10,sqrt,4,2,300,"{'max_depth': 10, 'max_features': 'sqrt', 'min_samples_leaf': 4, 'min_samples_split': 2, 'n_estimators': 300}",-11.234289341971442,-27.144576975469683,-51.156899085118106,-29.845255134186413,16.409833211901216,133
0.08368738492329915,0.012820180876173532,0.005385955174763997,0.00214368118625797,10,sqrt,4,5,100,"{'max_depth': 10, 'max_features': 'sqrt', 'min_samples_leaf': 4, 'min_samples_split': 5, 'n_estimators': 100}",-11.6789780753151,-28.29714127060638,-51.494979855809014,-30.490366400576832,16.328628780950428,151
0.12972172101338705,0.006979324238827909,0.009013652801513672,0.003047993512695813,10,sqrt,4,5,200,"{'max_depth': 10, 'max_features': 'sqrt', 'min_samples_leaf': 4, 'min_samples_split': 5, 'n_estimators': 200}",-11.39431984637295,-27.69020767034906,-50.266228450887795,-29.783585322536606,15.938276613976546,118
0.2551163037618001,0.035253421771513936,0.016418298085530598,0.003646738053070418,10,sqrt,4,5,300,"{'max_depth': 10, 'max_features': 'sqrt', 'min_samples_leaf': 4, 'min_samples_split': 5, 'n_estimators': 300}",-11.234289341971442,-27.144576975469683,-51.156899085118106,-29.845255134186413,16.409833211901216,133
0.08732461929321289,0.015691983579106113,0.012010415395100912,0.01260829800334109,10,sqrt,4,10,100,"{'max_depth': 10, 'max_features': 'sqrt', 'min_samples_leaf': 4, 'min_samples_split': 10, 'n_estimators': 100}",-11.55172399058615,-28.504801467037865,-51.032406333161,-30.362977263595003,16.171387953770044,148
0.16171511014302573,0.03889958313430244,0.009521007537841797,0.003492265260361965,10,sqrt,4,10,200,"{'max_depth': 10, 'max_features': 'sqrt', 'min_samples_leaf': 4, 'min_samples_split': 10, 'n_estimators': 200}",-11.142638069723192,-27.775267928313646,-49.3657460858137,-29.42788402795018,15.648212924207757,109
0.2162954012552897,0.037559532528724134,0.011814355850219727,0.004218704085683756,10,sqrt,4,10,300,"{'max_depth': 10, 'max_features': 'sqrt', 'min_samples_leaf': 4, 'min_samples_split': 10, 'n_estimators': 300}",-10.996378927902075,-27.379437008481986,-50.46817008416502,-29.614662006849688,16.191618147792916,115
0.09180092811584473,0.021633725035693135,0.005364418029785156,0.0018213796313435147,10,log2,1,2,100,"{'max_depth': 10, 'max_features': 'log2', 'min_samples_leaf': 1, 'min_samples_split': 2, 'n_estimators': 100}",-11.651555224094208,-20.183001579651137,-49.498047014829595,-27.11086793952498,16.208757600790054,89
0.1430197556813558,0.013094366921864482,0.007256825764973958,0.0038388501969915333,10,log2,1,2,200,"{'max_depth': 10, 'max_features': 'log2', 'min_samples_leaf': 1, 'min_samples_split': 2, 'n_estimators': 200}",-11.42585361250304,-19.918657444852105,-46.369666057894285,-25.90472570508314,14.880462962483819,20
0.2154990037282308,0.010680865606672241,0.0075989564259847,0.0019802068464212347,10,log2,1,2,300,"{'max_depth': 10, 'max_features': 'log2', 'min_samples_leaf': 1, 'min_samples_split': 2, 'n_estimators': 300}",-11.50888496529941,-19.34568317614344,-47.428687683499575,-26.09441860831414,15.421135480862668,45
0.07038625081380208,0.0074029672528558525,0.0063517093658447266,0.0023097820413253397,10,log2,1,5,100,"{'max_depth': 10, 'max_features': 'log2', 'min_samples_leaf': 1, 'min_samples_split': 5, 'n_estimators': 100}",-11.841680145734005,-17.098142465148083,-48.28764492519947,-25.742489178693855,16.085617483837364,12
0.14261396725972494,0.010575443931312153,0.006831963857014974,0.003129095030581161,10,log2,1,5,200,"{'max_depth': 10, 'max_features': 'log2', 'min_samples_leaf': 1, 'min_samples_split': 5, 'n_estimators': 200}",-11.661231675220128,-16.80376138364866,-47.12994970541073,-25.19831425475984,15.64947023822644,1
0.2076591650644938,0.01467205216932306,0.009791135787963867,0.002856257211251974,10,log2,1,5,300,"{'max_depth': 10, 'max_features': 'log2', 'min_samples_leaf': 1, 'min_samples_split': 5, 'n_estimators': 300}",-11.883507702863282,-16.939111041176048,-48.48644130830229,-25.769686684113875,16.19522536161567,13
0.06715202331542969,0.002916498190872382,0.004527568817138672,0.0020721095827607523,10,log2,1,10,100,"{'max_depth': 10, 'max_features': 'log2', 'min_samples_leaf': 1, 'min_samples_split': 10, 'n_estimators': 100}",-11.495186759999655,-17.525678316476583,-48.892012267001874,-25.970959114492704,16.393549855930083,34
0.1351917584737142,0.0022793215545753565,0.004541238149007161,6.728709421963206e-05,10,log2,1,10,200,"{'max_depth': 10, 'max_features': 'log2', 'min_samples_leaf': 1, 'min_samples_split': 10, 'n_estimators': 200}",-11.389552465219143,-17.07605549960872,-48.01831974832146,-25.494642571049777,16.09494960910601,4
0.19584759076436362,0.0033382629102288674,0.0069123109181722,0.0006674772812207424,10,log2,1,10,300,"{'max_depth': 10, 'max_features': 'log2', 'min_samples_leaf': 1, 'min_samples_split': 10, 'n_estimators': 300}",-11.453766628969342,-17.134125447588815,-49.20593668433603,-25.931276253631395,16.62024834753326,22
0.07445780436197917,0.002419989357945557,0.003542661666870117,0.0006198564240008711,10,log2,2,2,100,"{'max_depth': 10, 'max_features': 'log2', 'min_samples_leaf': 2, 'min_samples_split': 2, 'n_estimators': 100}",-11.643738487514538,-19.263401289238452,-46.7675043178655,-25.891548031539497,15.085732298089686,19
0.13689970970153809,0.006512919005562961,0.004590670267740886,2.1003701051083876e-05,10,log2,2,2,200,"{'max_depth': 10, 'max_features': 'log2', 'min_samples_leaf': 2, 'min_samples_split': 2, 'n_estimators': 200}",-11.612077648992635,-19.198601463695336,-46.23810690496622,-25.682928672551398,14.86103069602998,7
0.2193005084991455,0.009780605686279484,0.013662576675415039,0.0012177110456847945,10,log2,2,2,300,"{'max_depth': 10, 'max_features': 'log2', 'min_samples_leaf': 2, 'min_samples_split': 2, 'n_estimators': 300}",-11.675299048173873,-18.659704816927324,-47.45164429217495,-25.928882719092048,15.483699607102507,21
0.07303635279337566,0.004339756409710293,0.005130608876546224,0.002496533241313527,10,log2,2,5,100,"{'max_depth': 10, 'max_features': 'log2', 'min_samples_leaf': 2, 'min_samples_split': 5, 'n_estimators': 100}",-11.798276824110783,-19.03271572987804,-48.76413229505634,-26.531708283015053,15.995724109038479,69
0.13780315717061362,0.005566064729299109,0.00543522834777832,0.0005490926708014536,10,log2,2,5,200,"{'max_depth': 10, 'max_features': 'log2', 'min_samples_leaf': 2, 'min_samples_split': 5, 'n_estimators': 200}",-11.608004780566139,-18.76851628579166,-47.41870008227709,-25.931740382878292,15.47223985286353,24
0.20286989212036133,0.009016102230217808,0.00873414675394694,0.002078941748871131,10,log2,2,5,300,"{'max_depth': 10, 'max_features': 'log2', 'min_samples_leaf': 2, 'min_samples_split': 5, 'n_estimators': 300}",-11.676938135766928,-18.54901091352992,-48.41129522496421,-26.21241475808702,15.945721820240564,50
0.06923349698384602,0.00903274969866521,0.005472819010416667,0.0014273837166393045,10,log2,2,10,100,"{'max_depth': 10, 'max_features': 'log2', 'min_samples_leaf': 2, 'min_samples_split': 10, 'n_estimators': 100}",-11.549775402002371,-18.6549623724746,-48.4225717670794,-26.20910318051879,15.972884532981267,49
0.1426069736480713,0.0022951369274520454,0.0058596134185791016,0.0009380803730883471,10,log2,2,10,200,"{'max_depth': 10, 'max_features': 'log2', 'min_samples_leaf': 2, 'min_samples_split': 10, 'n_estimators': 200}",-11.25231924608059,-18.451317980184538,-47.765309568494715,-25.822982264919947,15.791467977282535,16
0.20841368039449057,0.01431770506880406,0.009003003438313803,0.003455375263590388,10,log2,2,10,300,"{'max_depth': 10, 'max_features': 'log2', 'min_samples_leaf': 2, 'min_samples_split': 10, 'n_estimators': 300}",-11.285031220690753,-18.632731002236607,-48.90254340247935,-26.273435208468907,16.279938088786974,57
0.0681009292602539,0.004928801219537699,0.0043964385986328125,0.001927305688154024,10,log2,4,2,100,"{'max_depth': 10, 'max_features': 'log2', 'min_samples_leaf': 4, 'min_samples_split': 2, 'n_estimators': 100}",-11.015977106762753,-31.83485549299168,-49.03287742624422,-30.627903341999552,15.543781770565273,157
0.14001067479451498,0.0028798281517118597,0.006378730138142903,0.0016508629511209714,10,log2,4,2,200,"{'max_depth': 10, 'max_features': 'log2', 'min_samples_leaf': 4, 'min_samples_split': 2, 'n_estimators': 200}",-11.10922277343043,-30.163100734110074,-48.17276311109344,-29.815028872877985,15.133128583912173,127
0.23998602231343588,0.03200463664236084,0.00826406478881836,0.003014751392782217,10,log2,4,2,300,"{'max_depth': 10, 'max_features': 'log2', 'min_samples_leaf': 4, 'min_samples_split': 2, 'n_estimators': 300}",-11.133958957351961,-29.3974758413998,-49.05665933888839,-29.86269804588005,15.485372126227208,139
0.06729865074157715,0.005132440571460079,0.004228750864664714,0.0015881603076121245,10,log2,4,5,100,"{'max_depth': 10, 'max_features': 'log2', 'min_samples_leaf': 4, 'min_samples_split': 5, 'n_estimators': 100}",-11.015977106762753,-31.83485549299168,-49.03287742624422,-30.627903341999552,15.543781770565273,157
0.11979492505391438,0.014638682518508243,0.006213982899983724,0.0016857688547647054,10,log2,4,5,200,"{'max_depth': 10, 'max_features': 'log2', 'min_samples_leaf': 4, 'min_samples_split': 5, 'n_estimators': 200}",-11.10922277343043,-30.163100734110074,-48.17276311109344,-29.815028872877985,15.133128583912173,127
0.19160008430480957,0.012369237281928054,0.011988480885823568,0.002597406280847835,10,log2,4,5,300,"{'max_depth': 10, 'max_features': 'log2', 'min_samples_leaf': 4, 'min_samples_split': 5, 'n_estimators': 300}",-11.133958957351961,-29.3974758413998,-49.05665933888839,-29.86269804588005,15.485372126227208,139
0.06614867846171062,0.0044520585803243164,0.005028963088989258,0.0015864039858940048,10,log2,4,10,100,"{'max_depth': 10, 'max_features': 'log2', 'min_samples_leaf': 4, 'min_samples_split': 10, 'n_estimators': 100}",-11.139206359438464,-30.603747763989375,-48.08401037579019,-29.942321499739347,15.08990279356673,145
0.12502535184224448,0.0053437028554137265,0.006052970886230469,0.0015303083417890567,10,log2,4,10,200,"{'max_depth': 10, 'max_features': 'log2', 'min_samples_leaf': 4, 'min_samples_split': 10, 'n_estimators': 200}",-10.965576415465636,-29.522601800793534,-47.82726612426501,-29.438481446841394,15.048839362165957,112
0.1904433568318685,0.010685968626495488,0.009275992711385092,0.004831603851132331,10,log2,4,10,300,"{'max_depth': 10, 'max_features': 'log2', 'min_samples_leaf': 4, 'min_samples_split': 10, 'n_estimators': 300}",-10.950229821786376,-28.926371827297388,-49.56069241947113,-29.81243135618497,15.775102358217367,124
0.14465729395548502,0.0075657729640492164,0.004091739654541016,0.0012520307823903772,10,,1,2,100,"{'max_depth': 10, 'max_features': None, 'min_samples_leaf': 1, 'min_samples_split': 2, 'n_estimators': 100}",-11.83176525968673,-25.597821725810622,-62.0006786324021,-33.14342187263315,21.164940009861446,189
0.29933730761210126,0.008726904268695353,0.010706424713134766,0.0006575631380547368,10,,1,2,200,"{'max_depth': 10, 'max_features': None, 'min_samples_leaf': 1, 'min_samples_split': 2, 'n_estimators': 200}",-11.517877573477367,-25.667365779432796,-60.45064870263048,-32.54529735184688,20.560212055174723,168
0.470380703608195,0.021201344029535402,0.008983373641967773,0.00168730231580173,10,,1,2,300,"{'max_depth': 10, 'max_features': None, 'min_samples_leaf': 1, 'min_samples_split': 2, 'n_estimators': 300}",-11.716735250358562,-26.06840527135765,-60.50886800579961,-32.764669509171945,20.474342004292737,177
0.14391652743021646,0.015354632782574686,0.0033376216888427734,0.00021022850290473518,10,,1,5,100,"{'max_depth': 10, 'max_features': None, 'min_samples_leaf': 1, 'min_samples_split': 5, 'n_estimators': 100}",-12.04846728762625,-25.37462804504521,-61.82763960927673,-33.083578313982734,21.040634257611423,186
0.2892286777496338,0.028905514326534845,0.00655062993367513,0.002949439469069691,10,,1,5,200,"{'max_depth': 10, 'max_features': None, 'min_samples_leaf': 1, 'min_samples_split': 5, 'n_estimators': 200}",-11.746725154462291,-25.24540473024534,-60.514824526611996,-32.50231813710654,20.560138994974047,163
0.4431000550587972,0.013512512885325977,0.0068467458089192705,0.0009860503656316038,10,,1,5,300,"{'max_depth': 10, 'max_features': None, 'min_samples_leaf': 1, 'min_samples_split': 5, 'n_estimators': 300}",-11.931665776192384,-25.579299971741655,-60.46645273770186,-32.65913949521197,20.436886294285745,169
0.1367762883504232,0.00571090632614133,0.004350423812866211,0.0018580016926996376,10,,1,10,100,"{'max_depth': 10, 'max_features': None, 'min_samples_leaf': 1, 'min_samples_split': 10, 'n_estimators': 100}",-12.06864518081189,-24.890544268742506,-63.78998198445491,-33.583057144669766,21.9915742238187,208
0.2835566997528076,0.024863425837959214,0.007906357447306315,0.0047543474849488674,10,,1,10,200,"{'max_depth': 10, 'max_features': None, 'min_samples_leaf': 1, 'min_samples_split': 10, 'n_estimators': 200}",-11.757934125779594,-25.03714559190922,-62.66017413840402,-33.15175128536428,21.55836463720282,192
0.4297643502553304,0.013567982434266703,0.007122596104939778,0.001658535562240162,10,,1,10,300,"{'max_depth': 10, 'max_features': None, 'min_samples_leaf': 1, 'min_samples_split': 10, 'n_estimators': 300}",-11.855343582860447,-25.589590072305587,-62.27497613650981,-33.23996993055861,21.282717099294867,196
0.1425621509552002,0.011804323585068725,0.0031453768412272134,4.668555336980095e-05,10,,2,2,100,"{'max_depth': 10, 'max_features': None, 'min_samples_leaf': 2, 'min_samples_split': 2, 'n_estimators': 100}",-11.924007246522988,-25.74887914541996,-63.41881216012645,-33.6972328506898,21.760989227523297,211
0.278528372446696,0.01889215760722382,0.00673985481262207,0.002747900888190359,10,,2,2,200,"{'max_depth': 10, 'max_features': None, 'min_samples_leaf': 2, 'min_samples_split': 2, 'n_estimators': 200}",-11.70218946277822,-25.696840544491675,-61.67351091699567,-33.02418030808852,21.04836767983959,181
0.43368736902872723,0.037188841584498915,0.007489999135335286,0.0011419029796708947,10,,2,2,300,"{'max_depth': 10, 'max_features': None, 'min_samples_leaf': 2, 'min_samples_split': 2, 'n_estimators': 300}",-11.759333518814993,-26.012031523648716,-61.89603711979711,-33.222467387420274,21.093680744121063,193
0.1478273073832194,0.013528722797279576,0.005830605824788411,0.0018435512301537848,10,,2,5,100,"{'max_depth': 10, 'max_features': None, 'min_samples_leaf': 2, 'min_samples_split': 5, 'n_estimators': 100}",-11.879208198745266,-25.550924227885133,-62.38757363564963,-33.27256868742668,21.330597579481065,201
0.29129473368326825,0.02218621222133613,0.008500258127848307,0.0012797047933396676,10,,2,5,200,"{'max_depth': 10, 'max_features': None, 'min_samples_leaf': 2, 'min_samples_split': 5, 'n_estimators': 200}",-11.609258528587924,-25.601309862534595,-60.87292965625947,-32.694499349127334,20.727796571486273,174
0.45060038566589355,0.02940628923010718,0.00978700319925944,0.0034378004323482214,10,,2,5,300,"{'max_depth': 10, 'max_features': None, 'min_samples_leaf': 2, 'min_samples_split': 5, 'n_estimators': 300}",-11.731645024979029,-25.933319618563623,-60.71040459800873,-32.79178974718379,20.57520646647389,180
0.15101114908854166,0.008734607376116138,0.005048910776774089,0.0017636487100173518,10,,2,10,100,"{'max_depth': 10, 'max_features': None, 'min_samples_leaf': 2, 'min_samples_split': 10, 'n_estimators': 100}",-12.161462439602879,-26.38214890910094,-63.75517355545409,-34.099594968052635,21.75847707494099,214
0.2764128843943278,0.018137097375375267,0.0060761769612630205,0.0012488014737313934,10,,2,10,200,"{'max_depth': 10, 'max_features': None, 'min_samples_leaf': 2, 'min_samples_split': 10, 'n_estimators': 200}",-11.744600951712558,-26.033581617321495,-62.614586739369976,-33.464256436134676,21.421952287413415,204
0.4130392074584961,0.030353491206552084,0.012634038925170898,0.0035334845979848348,10,,2,10,300,"{'max_depth': 10, 'max_features': None, 'min_samples_leaf': 2, 'min_samples_split': 10, 'n_estimators': 300}",-11.780292540274438,-26.49318755764719,-62.24543928023412,-33.50630645938525,21.190731250853563,205
0.1410187085469564,0.008597283728129486,0.00388336181640625,0.0006447090841368583,10,,4,2,100,"{'max_depth': 10, 'max_features': None, 'min_samples_leaf': 4, 'min_samples_split': 2, 'n_estimators': 100}",-11.80116888341462,-29.645041665950167,-63.89339027662863,-35.11320027533114,21.615202232887178,238
0.2705620924631755,0.010252529120102863,0.006104469299316406,0.0016899243546036216,10,,4,2,200,"{'max_depth': 10, 'max_features': None, 'min_samples_leaf': 4, 'min_samples_split': 2, 'n_estimators': 200}",-11.258415137716947,-28.75872884677827,-62.37630234894193,-34.13114877781238,21.211738419585966,217
0.421291987101237,0.01602596602327881,0.007635037104288737,0.0018796212758370758,10,,4,2,300,"{'max_depth': 10, 'max_features': None, 'min_samples_leaf': 4, 'min_samples_split': 2, 'n_estimators': 300}",-11.44755098842013,-29.413640319703678,-61.830808795951285,-34.230666701358366,20.84899636587183,226
0.1300963560740153,0.005197837690890042,0.003065347671508789,6.227883944445637e-05,10,,4,5,100,"{'max_depth': 10, 'max_features': None, 'min_samples_leaf': 4, 'min_samples_split': 5, 'n_estimators': 100}",-11.80116888341462,-29.645041665950167,-63.89339027662863,-35.11320027533114,21.615202232887178,238
0.2863963445027669,0.014540168037156272,0.007030328114827474,0.0019161749342231568,10,,4,5,200,"{'max_depth': 10, 'max_features': None, 'min_samples_leaf': 4, 'min_samples_split': 5, 'n_estimators': 200}",-11.258415137716947,-28.75872884677827,-62.37630234894193,-34.13114877781238,21.211738419585966,217
0.4106169541676839,0.001415907466664189,0.008468389511108398,0.003877600444338468,10,,4,5,300,"{'max_depth': 10, 'max_features': None, 'min_samples_leaf': 4, 'min_samples_split': 5, 'n_estimators': 300}",-11.44755098842013,-29.413640319703678,-61.830808795951285,-34.230666701358366,20.84899636587183,226
0.13889718055725098,0.011729510800753932,0.0030744075775146484,7.592374671635609e-05,10,,4,10,100,"{'max_depth': 10, 'max_features': None, 'min_samples_leaf': 4, 'min_samples_split': 10, 'n_estimators': 100}",-11.664914897760381,-29.64350150777715,-63.23850828433691,-34.84897489662481,21.374152592987688,235
0.2633194128672282,0.01253486045561833,0.006511370340983073,0.002670507239911846,10,,4,10,200,"{'max_depth': 10, 'max_features': None, 'min_samples_leaf': 4, 'min_samples_split': 10, 'n_estimators': 200}",-11.342599662088421,-28.83591247071959,-62.25848007748435,-34.14566407009745,21.122686321489297,223
0.423115332921346,0.020148639767717424,0.01006476084391276,0.00032868681583384885,10,,4,10,300,"{'max_depth': 10, 'max_features': None, 'min_samples_leaf': 4, 'min_samples_split': 10, 'n_estimators': 300}",-11.484027624698292,-29.35032746494788,-62.116308009428714,-34.31688769969163,20.96675137232745,232
0.06928006807963054,0.004126192571759057,0.0054090023040771484,0.0017746959579103777,20,sqrt,1,2,100,"{'max_depth': 20, 'max_features': 'sqrt', 'min_samples_leaf': 1, 'min_samples_split': 2, 'n_estimators': 100}",-12.160815619901808,-19.98645874265583,-52.01139091477116,-28.052888425776263,17.23982895714761,106
0.15394322077433267,0.008683526622006952,0.007153431574503581,0.002529607044823563,20,sqrt,1,2,200,"{'max_depth': 20, 'max_features': 'sqrt', 'min_samples_leaf': 1, 'min_samples_split': 2, 'n_estimators': 200}",-11.940612828929348,-20.004896043807513,-50.45735426341424,-27.467621045383698,16.58622000375822,98
0.20898699760437012,0.011939671621523248,0.010077794392903646,0.0028284070596493274,20,sqrt,1,2,300,"{'max_depth': 20, 'max_features': 'sqrt', 'min_samples_leaf': 1, 'min_samples_split': 2, 'n_estimators': 300}",-11.694306666392746,-19.185723153112434,-51.299506605693594,-27.393178808399593,17.178760370646224,95
0.07931971549987793,0.0024169109412532645,0.00420371691385905,0.0015165685855178003,20,sqrt,1,5,100,"{'max_depth': 20, 'max_features': 'sqrt', 'min_samples_leaf': 1, 'min_samples_split': 5, 'n_estimators': 100}",-12.092867515749711,-16.319023018290462,-52.34388847661564,-26.918593003551937,18.060995450645553,83
0.14287670453389487,0.011550211490275271,0.005594968795776367,0.0007902507436461085,20,sqrt,1,5,200,"{'max_depth': 20, 'max_features': 'sqrt', 'min_samples_leaf': 1, 'min_samples_split': 5, 'n_estimators': 200}",-11.916513957974074,-15.692320363140608,-50.27435097920361,-25.96106176677276,17.261058344296348,31
0.2100710074106852,0.009294010990346652,0.011787652969360352,0.003452822724198282,20,sqrt,1,5,300,"{'max_depth': 20, 'max_features': 'sqrt', 'min_samples_leaf': 1, 'min_samples_split': 5, 'n_estimators': 300}",-11.621883627433665,-15.576795282910483,-50.7724773017648,-25.990385404036317,17.5978102931634,35
0.0772553284962972,0.007869090410870604,0.004848082860310872,0.0021502876027160826,20,sqrt,1,10,100,"{'max_depth': 20, 'max_features': 'sqrt', 'min_samples_leaf': 1, 'min_samples_split': 10, 'n_estimators': 100}",-11.797024440544298,-17.24828692267516,-52.37894264660048,-27.141418003273312,17.983854856586994,92
0.14165298144022623,0.007657636549908353,0.009888331095377604,0.0036087744552335036,20,sqrt,1,10,200,"{'max_depth': 20, 'max_features': 'sqrt', 'min_samples_leaf': 1, 'min_samples_split': 10, 'n_estimators': 200}",-11.628513150750434,-16.66270460770981,-50.66554766070164,-26.318921806387294,17.3379047902528,62
0.19746971130371094,0.003590463877571172,0.009970267613728842,0.004554687866531152,20,sqrt,1,10,300,"{'max_depth': 20, 'max_features': 'sqrt', 'min_samples_leaf': 1, 'min_samples_split': 10, 'n_estimators': 300}",-11.348861813970881,-16.555166439823935,-50.5362766554863,-26.146768303093705,17.376468575209515,47
0.07793768246968587,0.010568160300898254,0.003321409225463867,0.0003841692555229531,20,sqrt,2,2,100,"{'max_depth': 20, 'max_features': 'sqrt', 'min_samples_leaf': 2, 'min_samples_split': 2, 'n_estimators': 100}",-11.75941188573762,-17.217115143484758,-53.44570610774672,-27.474077712323034,18.49938273465522,100
0.13664833704630533,0.009885081977499263,0.005696853001912435,0.0014687769593963718,20,sqrt,2,2,200,"{'max_depth': 20, 'max_features': 'sqrt', 'min_samples_leaf': 2, 'min_samples_split': 2, 'n_estimators': 200}",-11.694165365003506,-17.651570835871855,-50.332896827416576,-26.55954434276398,16.98532476886516,70
0.21927706400553384,0.01502454236582576,0.02100070317586263,0.017136638890586926,20,sqrt,2,2,300,"{'max_depth': 20, 'max_features': 'sqrt', 'min_samples_leaf': 2, 'min_samples_split': 2, 'n_estimators': 300}",-11.492151786334965,-17.698684575207523,-50.685526839838175,-26.625454400460217,17.200689456257724,73
0.07201870282491048,0.0015778306955344537,0.00688624382019043,0.0026064199968841933,20,sqrt,2,5,100,"{'max_depth': 20, 'max_features': 'sqrt', 'min_samples_leaf': 2, 'min_samples_split': 5, 'n_estimators': 100}",-11.683236797766794,-17.40124933978575,-51.8468152567542,-26.977100464768913,17.73980368613081,85
0.1384424368540446,0.006688151978475333,0.008881886800130209,0.0030660265915779046,20,sqrt,2,5,200,"{'max_depth': 20, 'max_features': 'sqrt', 'min_samples_leaf': 2, 'min_samples_split': 5, 'n_estimators': 200}",-11.616798449878473,-17.32146553853715,-49.77954257896445,-26.23926885579336,16.807620729289656,52
0.26035642623901367,0.023766477690628788,0.010080258051554361,0.0037997133817373892,20,sqrt,2,5,300,"{'max_depth': 20, 'max_features': 'sqrt', 'min_samples_leaf': 2, 'min_samples_split': 5, 'n_estimators': 300}",-11.407512866467103,-17.161829145459773,-50.90257036068305,-26.49063745753664,17.42096227748746,65
0.07522106170654297,0.003928165234312151,0.005705595016479492,0.0019403464004585304,20,sqrt,2,10,100,"{'max_depth': 20, 'max_features': 'sqrt', 'min_samples_leaf': 2, 'min_samples_split': 10, 'n_estimators': 100}",-11.461314928611841,-19.15057405587875,-52.064043572899664,-27.55864418579675,17.60998061370563,104
0.18358532587687174,0.02503664928026054,0.009818077087402344,0.0020639310551015836,20,sqrt,2,10,200,"{'max_depth': 20, 'max_features': 'sqrt', 'min_samples_leaf': 2, 'min_samples_split': 10, 'n_estimators': 200}",-11.46660675475131,-18.512312823820984,-50.170340016306625,-26.716419864959636,16.83201852328376,77
0.2478010654449463,0.03832470736509279,0.009850660959879557,0.002719224126353943,20,sqrt,2,10,300,"{'max_depth': 20, 'max_features': 'sqrt', 'min_samples_leaf': 2, 'min_samples_split': 10, 'n_estimators': 300}",-11.249466508795585,-18.333548322782224,-50.73986530721789,-26.774293379598564,17.191229006875098,80
0.08456627527872722,0.02166931510383796,0.00476837158203125,0.002420245921215843,20,sqrt,4,2,100,"{'max_depth': 20, 'max_features': 'sqrt', 'min_samples_leaf': 4, 'min_samples_split': 2, 'n_estimators': 100}",-11.6789780753151,-28.29714127060638,-51.494979855809014,-30.490366400576832,16.328628780950428,151
0.13519501686096191,0.004357785678818753,0.006747802098592122,0.002636350919284246,20,sqrt,4,2,200,"{'max_depth': 20, 'max_features': 'sqrt', 'min_samples_leaf': 4, 'min_samples_split': 2, 'n_estimators': 200}",-11.39431984637295,-27.69020767034906,-50.266228450887795,-29.783585322536606,15.938276613976546,118
0.19709459940592447,0.007256249862417305,0.006969054539998372,0.0015408440005214854,20,sqrt,4,2,300,"{'max_depth': 20, 'max_features': 'sqrt', 'min_samples_leaf': 4, 'min_samples_split': 2, 'n_estimators': 300}",-11.234289341971442,-27.144576975469683,-51.156899085118106,-29.845255134186413,16.409833211901216,133
0.07227730751037598,0.008310836718875008,0.007311662038167317,0.0008913790447680528,20,sqrt,4,5,100,"{'max_depth': 20, 'max_features': 'sqrt', 'min_samples_leaf': 4, 'min_samples_split': 5, 'n_estimators': 100}",-11.6789780753151,-28.29714127060638,-51.494979855809014,-30.490366400576832,16.328628780950428,151
0.1306279500325521,0.00841561117505319,0.00863806406656901,0.0031285301171604515,20,sqrt,4,5,200,"{'max_depth': 20, 'max_features': 'sqrt', 'min_samples_leaf': 4, 'min_samples_split': 5, 'n_estimators': 200}",-11.39431984637295,-27.69020767034906,-50.266228450887795,-29.783585322536606,15.938276613976546,118
0.195996363957723,0.008461961319184991,0.013681968053181967,0.002774177446653661,20,sqrt,4,5,300,"{'max_depth': 20, 'max_features': 'sqrt', 'min_samples_leaf': 4, 'min_samples_split': 5, 'n_estimators': 300}",-11.234289341971442,-27.144576975469683,-51.156899085118106,-29.845255134186413,16.409833211901216,133
0.06866868336995442,0.0034434393244143595,0.0047342777252197266,0.0024047749097888395,20,sqrt,4,10,100,"{'max_depth': 20, 'max_features': 'sqrt', 'min_samples_leaf': 4, 'min_samples_split': 10, 'n_estimators': 100}",-11.55172399058615,-28.504801467037865,-51.032406333161,-30.362977263595003,16.171387953770044,148
0.14435633023579916,0.0029760487779170054,0.006638447443644206,0.0015386895793746288,20,sqrt,4,10,200,"{'max_depth': 20, 'max_features': 'sqrt', 'min_samples_leaf': 4, 'min_samples_split': 10, 'n_estimators': 200}",-11.142638069723192,-27.775267928313646,-49.3657460858137,-29.42788402795018,15.648212924207757,109
0.1991881529490153,0.0046173055524031,0.009319305419921875,0.0009622773123354874,20,sqrt,4,10,300,"{'max_depth': 20, 'max_features': 'sqrt', 'min_samples_leaf': 4, 'min_samples_split': 10, 'n_estimators': 300}",-10.996378927902075,-27.379437008481986,-50.46817008416502,-29.614662006849688,16.191618147792916,115
0.06966416041056316,0.014415413156362937,0.0037519137064615884,0.000769872563605082,20,log2,1,2,100,"{'max_depth': 20, 'max_features': 'log2', 'min_samples_leaf': 1, 'min_samples_split': 2, 'n_estimators': 100}",-11.651555224094208,-20.184022198263808,-49.55617703554162,-27.13058481929988,16.23537573434824,90
0.15198922157287598,0.015090309749467267,0.009479125340779623,0.0034781929038917455,20,log2,1,2,200,"{'max_depth': 20, 'max_features': 'log2', 'min_samples_leaf': 1, 'min_samples_split': 2, 'n_estimators': 200}",-11.42571187145882,-19.93097179907436,-46.49260766871843,-25.949763779750537,14.935219848710068,27
0.2216776212056478,0.011729284625885033,0.007951815923055014,0.0013406626621051466,20,log2,1,2,300,"{'max_depth': 20, 'max_features': 'log2', 'min_samples_leaf': 1, 'min_samples_split': 2, 'n_estimators': 300}",-11.508716964843343,-19.320442415516595,-47.43076594647338,-26.08664177561111,15.42583311839946,43
0.07693044344584148,0.0071563028233529525,0.0035882790883382163,0.0006763366915071808,20,log2,1,5,100,"{'max_depth': 20, 'max_features': 'log2', 'min_samples_leaf': 1, 'min_samples_split': 5, 'n_estimators': 100}",-11.841680145734005,-17.10324497146064,-48.2276162211127,-25.724180446102448,16.05665972660232,8
0.13927928606669107,0.01212272209668866,0.008324940999348959,0.0027266894647683306,20,log2,1,5,200,"{'max_depth': 20, 'max_features': 'log2', 'min_samples_leaf': 1, 'min_samples_split': 5, 'n_estimators': 200}",-11.661231675220128,-16.840509462733152,-47.18093948188196,-25.227560206611745,15.666724307758235,2
0.20829478899637857,0.01211806586373579,0.012678384780883789,0.00034710164287173495,20,log2,1,5,300,"{'max_depth': 20, 'max_features': 'log2', 'min_samples_leaf': 1, 'min_samples_split': 5, 'n_estimators': 300}",-11.883507702863282,-16.95105286862764,-48.57473424057551,-25.80309827068881,16.23433721181832,14
0.06720328330993652,0.009916036201541592,0.004583676656087239,0.001005647311965025,20,log2,1,10,100,"{'max_depth': 20, 'max_features': 'log2', 'min_samples_leaf': 1, 'min_samples_split': 10, 'n_estimators': 100}",-11.495186759999655,-17.518769965741548,-49.130047473671084,-26.048001399804093,16.505686431776834,41
0.12239575386047363,0.005068344709615066,0.0075643062591552734,0.003073756111462312,20,log2,1,10,200,"{'max_depth': 20, 'max_features': 'log2', 'min_samples_leaf': 1, 'min_samples_split': 10, 'n_estimators': 200}",-11.389552465219143,-17.06346610937217,-48.137830883385405,-25.530283152658907,16.15289932299326,5
0.1970987319946289,0.0067670726317527775,0.01073439915974935,0.0035311986060259717,20,log2,1,10,300,"{'max_depth': 20, 'max_features': 'log2', 'min_samples_leaf': 1, 'min_samples_split': 10, 'n_estimators': 300}",-11.453766628969342,-17.125917408421,-49.28726858572638,-25.955650874372242,16.65966411001513,29
0.07907764116923015,0.008589220161429564,0.005354404449462891,0.0021196589617757267,20,log2,2,2,100,"{'max_depth': 20, 'max_features': 'log2', 'min_samples_leaf': 2, 'min_samples_split': 2, 'n_estimators': 100}",-11.643738487514538,-19.26278438576147,-47.16249116596899,-26.02300467974833,15.268068678906918,39
0.1335926055908203,0.010817494583687125,0.005933364232381185,0.0020273298058891896,20,log2,2,2,200,"{'max_depth': 20, 'max_features': 'log2', 'min_samples_leaf': 2, 'min_samples_split': 2, 'n_estimators': 200}",-11.612077648992635,-19.175303901132068,-46.43884643424548,-25.74207599479006,14.957001210200291,10
0.2076571782430013,0.011535270290093626,0.0065755049387613935,0.0006669048635141262,20,log2,2,2,300,"{'max_depth': 20, 'max_features': 'log2', 'min_samples_leaf': 2, 'min_samples_split': 2, 'n_estimators': 300}",-11.675299048173873,-18.642139672335652,-47.50994267871095,-25.942460466406825,15.513465845390769,25
0.0663612683614095,0.004259203944931652,0.0034545262654622397,0.0004605142066195158,20,log2,2,5,100,"{'max_depth': 20, 'max_features': 'log2', 'min_samples_leaf': 2, 'min_samples_split': 5, 'n_estimators': 100}",-11.798276824110783,-19.0353362079554,-48.703838484573694,-26.51248383887996,15.967381811880077,67
0.13611062367757162,0.004587256983384162,0.007454395294189453,0.0023460233194852356,20,log2,2,5,200,"{'max_depth': 20, 'max_features': 'log2', 'min_samples_leaf': 2, 'min_samples_split': 5, 'n_estimators': 200}",-11.608004780566139,-18.803079148537087,-47.5672299083941,-25.992771279165776,15.535662686184788,37
0.21436993281046549,0.015577708048647573,0.006015380223592122,0.00010635648265489679,20,log2,2,5,300,"{'max_depth': 20, 'max_features': 'log2', 'min_samples_leaf': 2, 'min_samples_split': 5, 'n_estimators': 300}",-11.676938135766928,-18.571402837263584,-48.51163642357994,-26.25332579887015,15.988698191318294,54
0.06416670481363933,0.005246360682418338,0.0059350331624348955,0.0022262862590195043,20,log2,2,10,100,"{'max_depth': 20, 'max_features': 'log2', 'min_samples_leaf': 2, 'min_samples_split': 10, 'n_estimators': 100}",-11.549775402002371,-18.6560135078884,-48.65846136526798,-26.288083425052918,16.082081372248478,58
0.14199145634969076,0.007255132403488601,0.0065182844797770185,0.0027923074947202326,20,log2,2,10,200,"{'max_depth': 20, 'max_features': 'log2', 'min_samples_leaf': 2, 'min_samples_split': 10, 'n_estimators': 200}",-11.25231924608059,-18.451739639317854,-47.88437186757494,-25.862810250991128,15.846551581219773,17
0.19207684199015299,0.0059803513022858796,0.007419904073079427,0.0012185218865540597,20,log2,2,10,300,"{'max_depth': 20, 'max_features': 'log2', 'min_samples_leaf': 2, 'min_samples_split': 10, 'n_estimators': 300}",-11.285031220690753,-18.638306804202927,-48.983413019230206,-26.302250348041298,16.31653599960214,60
0.06989630063374837,0.007546506679071396,0.0053327083587646484,0.002007013320008378,20,log2,4,2,100,"{'max_depth': 20, 'max_features': 'log2', 'min_samples_leaf': 4, 'min_samples_split': 2, 'n_estimators': 100}",-11.015977106762753,-31.83485549299168,-49.03287742624422,-30.627903341999552,15.543781770565273,157
0.1267669995625814,0.005804122667046291,0.0074158509572347,0.0032681770031945502,20,log2,4,2,200,"{'max_depth': 20, 'max_features': 'log2', 'min_samples_leaf': 4, 'min_samples_split': 2, 'n_estimators': 200}",-11.10922277343043,-30.163100734110074,-48.17276311109344,-29.815028872877985,15.133128583912173,127
0.2063892682393392,0.009967480358218869,0.006627639134724935,0.000971205748448485,20,log2,4,2,300,"{'max_depth': 20, 'max_features': 'log2', 'min_samples_leaf': 4, 'min_samples_split': 2, 'n_estimators': 300}",-11.133958957351961,-29.3974758413998,-49.05665933888839,-29.86269804588005,15.485372126227208,139
0.0741434892018636,0.004241643290177437,0.003169377644856771,9.187035082079639e-05,20,log2,4,5,100,"{'max_depth': 20, 'max_features': 'log2', 'min_samples_leaf': 4, 'min_samples_split': 5, 'n_estimators': 100}",-11.015977106762753,-31.83485549299168,-49.03287742624422,-30.627903341999552,15.543781770565273,157
0.13403757413228354,0.007096050334934128,0.004514376322428386,0.00010417361138521603,20,log2,4,5,200,"{'max_depth': 20, 'max_features': 'log2', 'min_samples_leaf': 4, 'min_samples_split': 5, 'n_estimators': 200}",-11.10922277343043,-30.163100734110074,-48.17276311109344,-29.815028872877985,15.133128583912173,127
0.1914358933766683,0.008140035944166275,0.008665879567464193,0.002320882922968556,20,log2,4,5,300,"{'max_depth': 20, 'max_features': 'log2', 'min_samples_leaf': 4, 'min_samples_split': 5, 'n_estimators': 300}",-11.133958957351961,-29.3974758413998,-49.05665933888839,-29.86269804588005,15.485372126227208,139
0.0752859115600586,0.007973839301667621,0.003485600153605143,0.0006189662645743456,20,log2,4,10,100,"{'max_depth': 20, 'max_features': 'log2', 'min_samples_leaf': 4, 'min_samples_split': 10, 'n_estimators': 100}",-11.139206359438464,-30.603747763989375,-48.08401037579019,-29.942321499739347,15.08990279356673,145
0.1302623748779297,0.009257719741391822,0.00832660992940267,0.002953737337074625,20,log2,4,10,200,"{'max_depth': 20, 'max_features': 'log2', 'min_samples_leaf': 4, 'min_samples_split': 10, 'n_estimators': 200}",-10.965576415465636,-29.522601800793534,-47.82726612426501,-29.438481446841394,15.048839362165957,112
0.19400556882222494,0.014145142615778308,0.009660641352335611,0.0028321488838569213,20,log2,4,10,300,"{'max_depth': 20, 'max_features': 'log2', 'min_samples_leaf': 4, 'min_samples_split': 10, 'n_estimators': 300}",-10.950229821786376,-28.926371827297388,-49.56069241947113,-29.81243135618497,15.775102358217367,124
0.15074491500854492,0.014016152340724843,0.005013306935628255,0.0013221169383531022,20,,1,2,100,"{'max_depth': 20, 'max_features': None, 'min_samples_leaf': 1, 'min_samples_split': 2, 'n_estimators': 100}",-11.83176525968673,-25.556922381666222,-62.03139909366267,-33.14002891167187,21.183774258464524,187
0.29109032948811847,0.022317868804058536,0.005960941314697266,0.0018785084423935585,20,,1,2,200,"{'max_depth': 20, 'max_features': None, 'min_samples_leaf': 1, 'min_samples_split': 2, 'n_estimators': 200}",-11.517877573477367,-25.611482109319176,-60.41172780083166,-32.51369582787607,20.54884527455196,164
0.44586435953776044,0.025511602256035142,0.009159008661905924,0.001977726039599217,20,,1,2,300,"{'max_depth': 20, 'max_features': None, 'min_samples_leaf': 1, 'min_samples_split': 2, 'n_estimators': 300}",-11.716735250358562,-26.031094128200166,-60.47880914436745,-32.74221284097539,20.464836482674656,175
0.15736627578735352,0.006112716269936733,0.005146344502766927,0.002141292925765186,20,,1,5,100,"{'max_depth': 20, 'max_features': None, 'min_samples_leaf': 1, 'min_samples_split': 5, 'n_estimators': 100}",-12.04846728762625,-25.374149507668857,-61.77505784017079,-33.065891545155296,21.01674925186306,184
0.29151447614034015,0.004621588441528394,0.00846393903096517,0.002777236236380413,20,,1,5,200,"{'max_depth': 20, 'max_features': None, 'min_samples_leaf': 1, 'min_samples_split': 5, 'n_estimators': 200}",-11.746725154462291,-25.273186188712987,-60.555231611274905,-32.5250476514834,20.57522290916254,166
0.4285717010498047,0.020028636778631554,0.012638092041015625,0.0044009595168035594,20,,1,5,300,"{'max_depth': 20, 'max_features': None, 'min_samples_leaf': 1, 'min_samples_split': 5, 'n_estimators': 300}",-11.931665776192384,-25.58427742898875,-60.49652879829379,-32.67082400115831,20.449952515487073,170
0.13674068450927734,0.009557463079925891,0.005113363265991211,0.0016162855789641894,20,,1,10,100,"{'max_depth': 20, 'max_features': None, 'min_samples_leaf': 1, 'min_samples_split': 10, 'n_estimators': 100}",-12.06864518081189,-24.890544268742506,-63.78998198445491,-33.583057144669766,21.9915742238187,208
0.2906150817871094,0.020961793628913254,0.00909876823425293,0.002707222742212041,20,,1,10,200,"{'max_depth': 20, 'max_features': None, 'min_samples_leaf': 1, 'min_samples_split': 10, 'n_estimators': 200}",-11.757934125779594,-25.036927885044303,-62.6579645469736,-33.1509421859325,21.557383812758644,190
0.4053526719411214,0.008830787684218749,0.005998373031616211,0.00022908646985803384,20,,1,10,300,"{'max_depth': 20, 'max_features': None, 'min_samples_leaf': 1, 'min_samples_split': 10, 'n_estimators': 300}",-11.855343582860447,-25.59393795594,-62.27927960451392,-33.24285371443812,21.28415318477421,197
0.1526517073313395,0.012214339144308844,0.005115350087483724,0.0017402041956183043,20,,2,2,100,"{'max_depth': 20, 'max_features': None, 'min_samples_leaf': 2, 'min_samples_split': 2, 'n_estimators': 100}",-11.924007246522988,-25.75529057821023,-63.42005603812971,-33.69978462095431,21.76077510082889,212
0.29277237256368,0.028390236600343958,0.006302754084269206,0.0016227978562750375,20,,2,2,200,"{'max_depth': 20, 'max_features': None, 'min_samples_leaf': 2, 'min_samples_split': 2, 'n_estimators': 200}",-11.70218946277822,-25.69338687948256,-61.69720241706237,-33.030926253107715,21.059517929262366,182
0.45200737317403156,0.03982215369543206,0.013010978698730469,0.001500969323107565,20,,2,2,300,"{'max_depth': 20, 'max_features': None, 'min_samples_leaf': 2, 'min_samples_split': 2, 'n_estimators': 300}",-11.759333518814993,-26.01291670914173,-61.93693496588234,-33.23639506461302,21.112111869874685,194
0.14141043027242026,0.010257624408517008,0.0034671624501546225,0.00038668569942184607,20,,2,5,100,"{'max_depth': 20, 'max_features': None, 'min_samples_leaf': 2, 'min_samples_split': 5, 'n_estimators': 100}",-11.879208198745266,-25.56101197257616,-62.33453413744106,-33.25825143625416,21.305251315358987,199
0.2953503926595052,0.02713968265363231,0.006627003351847331,0.0018447506185497624,20,,2,5,200,"{'max_depth': 20, 'max_features': None, 'min_samples_leaf': 2, 'min_samples_split': 5, 'n_estimators': 200}",-11.609258528587924,-25.618422078637522,-60.821503437742535,-32.68306134832266,20.70254587013775,172
0.42922170956929523,0.02264237108873268,0.009082714716593424,0.002382729040258451,20,,2,5,300,"{'max_depth': 20, 'max_features': None, 'min_samples_leaf': 2, 'min_samples_split': 5, 'n_estimators': 300}",-11.731645024979029,-25.938388536126528,-60.632382521482874,-32.76747202752947,20.539357632358882,178
0.14162468910217285,0.02219405115182132,0.0050249894460042315,0.001931269631641451,20,,2,10,100,"{'max_depth': 20, 'max_features': None, 'min_samples_leaf': 2, 'min_samples_split': 10, 'n_estimators': 100}",-12.161462439602879,-26.38214890910094,-63.75517355545409,-34.099594968052635,21.75847707494099,214
0.2818026542663574,0.019647911101219467,0.0076750914255778,0.002355675216879973,20,,2,10,200,"{'max_depth': 20, 'max_features': None, 'min_samples_leaf': 2, 'min_samples_split': 10, 'n_estimators': 200}",-11.744600951712558,-26.033858806691335,-62.6123994479593,-33.463619735454394,21.42092810870748,202
0.40610067049662274,0.024920685158291277,0.008843024571736654,0.0014590493240009509,20,,2,10,300,"{'max_depth': 20, 'max_features': None, 'min_samples_leaf': 2, 'min_samples_split': 10, 'n_estimators': 300}",-11.780292540274438,-26.49444232064107,-62.24977911345809,-33.5081713247912,21.192554740567637,206
0.1436162789662679,0.00478804551122168,0.004514137903849284,0.0017289760435398184,20,,4,2,100,"{'max_depth': 20, 'max_features': None, 'min_samples_leaf': 4, 'min_samples_split': 2, 'n_estimators': 100}",-11.80116888341462,-29.645041665950167,-63.89339027662863,-35.11320027533114,21.615202232887178,238
0.27386871973673504,0.012181513339346596,0.009881258010864258,0.001027420673374465,20,,4,2,200,"{'max_depth': 20, 'max_features': None, 'min_samples_leaf': 4, 'min_samples_split': 2, 'n_estimators': 200}",-11.258415137716947,-28.75872884677827,-62.389484971928326,-34.13554298547451,21.217589767443947,219
0.41825119654337567,0.027064405467638646,0.009161790211995443,0.0019023391616813446,20,,4,2,300,"{'max_depth': 20, 'max_features': None, 'min_samples_leaf': 4, 'min_samples_split': 2, 'n_estimators': 300}",-11.44755098842013,-29.413640319703678,-61.84972637053796,-34.23697255955392,20.85734436970065,228
0.1426089604695638,0.013968867092583735,0.004821062088012695,0.0009742751900368238,20,,4,5,100,"{'max_depth': 20, 'max_features': None, 'min_samples_leaf': 4, 'min_samples_split': 5, 'n_estimators': 100}",-11.80116888341462,-29.645041665950167,-63.89339027662863,-35.11320027533114,21.615202232887178,238
0.2742009957631429,0.02296143304514683,0.00835434595743815,0.0013930634744772543,20,,4,5,200,"{'max_depth': 20, 'max_features': None, 'min_samples_leaf': 4, 'min_samples_split': 5, 'n_estimators': 200}",-11.258415137716947,-28.75872884677827,-62.389484971928326,-34.13554298547451,21.217589767443947,219
0.4091797669728597,0.00899417409755529,0.006283998489379883,0.0007750972239121282,20,,4,5,300,"{'max_depth': 20, 'max_features': None, 'min_samples_leaf': 4, 'min_samples_split': 5, 'n_estimators': 300}",-11.44755098842013,-29.413640319703678,-61.84972637053796,-34.23697255955392,20.85734436970065,228
0.13684765497843424,0.013970161162898483,0.0045490264892578125,0.0016867927049240383,20,,4,10,100,"{'max_depth': 20, 'max_features': None, 'min_samples_leaf': 4, 'min_samples_split': 10, 'n_estimators': 100}",-11.664914897760381,-29.64350150777715,-63.23850828433691,-34.84897489662481,21.374152592987688,235
0.2708546320597331,0.012589611284363,0.00595704714457194,0.0016105761240083193,20,,4,10,200,"{'max_depth': 20, 'max_features': None, 'min_samples_leaf': 4, 'min_samples_split': 10, 'n_estimators': 200}",-11.342599662088421,-28.83591247071959,-62.279040916075566,-34.15251768296119,21.131808254262054,224
0.41548315684000653,0.02959098072175254,0.010257641474405924,0.003460462080179095,20,,4,10,300,"{'max_depth': 20, 'max_features': None, 'min_samples_leaf': 4, 'min_samples_split': 10, 'n_estimators': 300}",-11.484027624698292,-29.35032746494788,-62.13001102372018,-34.32145537112212,20.972807682141788,233
0.07341933250427246,0.005337815007336718,0.006478071212768555,0.0024128064414818324,,sqrt,1,2,100,"{'max_depth': None, 'max_features': 'sqrt', 'min_samples_leaf': 1, 'min_samples_split': 2, 'n_estimators': 100}",-12.160815619901808,-19.98645874265583,-52.01139091477116,-28.052888425776263,17.23982895714761,106
0.1474900245666504,0.006462092543974336,0.004581928253173828,7.206107059560736e-05,,sqrt,1,2,200,"{'max_depth': None, 'max_features': 'sqrt', 'min_samples_leaf': 1, 'min_samples_split': 2, 'n_estimators': 200}",-11.940612828929348,-20.004896043807513,-50.45735426341424,-27.467621045383698,16.58622000375822,98
0.22590875625610352,0.004350880867774106,0.006796598434448242,0.000755535072748641,,sqrt,1,2,300,"{'max_depth': None, 'max_features': 'sqrt', 'min_samples_leaf': 1, 'min_samples_split': 2, 'n_estimators': 300}",-11.694306666392746,-19.185723153112434,-51.299506605693594,-27.393178808399593,17.178760370646224,95
0.0702682336171468,0.0013613198457196418,0.0032618045806884766,0.00013555824314449277,,sqrt,1,5,100,"{'max_depth': None, 'max_features': 'sqrt', 'min_samples_leaf': 1, 'min_samples_split': 5, 'n_estimators': 100}",-12.092867515749711,-16.319023018290462,-52.34388847661564,-26.918593003551937,18.060995450645553,83
0.1465303103129069,0.013473801275603301,0.006585041681925456,0.00224816167862404,,sqrt,1,5,200,"{'max_depth': None, 'max_features': 'sqrt', 'min_samples_leaf': 1, 'min_samples_split': 5, 'n_estimators': 200}",-11.916513957974074,-15.692320363140608,-50.27435097920361,-25.96106176677276,17.261058344296348,31
0.21724271774291992,0.014858799429231212,0.010895331700642904,0.0037343396955123037,,sqrt,1,5,300,"{'max_depth': None, 'max_features': 'sqrt', 'min_samples_leaf': 1, 'min_samples_split': 5, 'n_estimators': 300}",-11.621883627433665,-15.576795282910483,-50.7724773017648,-25.990385404036317,17.5978102931634,35
0.07469590504964192,0.004564781717302849,0.004185994466145833,0.0007597256147665619,,sqrt,1,10,100,"{'max_depth': None, 'max_features': 'sqrt', 'min_samples_leaf': 1, 'min_samples_split': 10, 'n_estimators': 100}",-11.797024440544298,-17.24828692267516,-52.37894264660048,-27.141418003273312,17.983854856586994,92
0.13357988993326822,0.003458773019647235,0.005940755208333333,0.002031019482527904,,sqrt,1,10,200,"{'max_depth': None, 'max_features': 'sqrt', 'min_samples_leaf': 1, 'min_samples_split': 10, 'n_estimators': 200}",-11.628513150750434,-16.66270460770981,-50.66554766070164,-26.318921806387294,17.3379047902528,62
0.21677740414937338,0.0030810814087392506,0.005913734436035156,3.506347613591855e-05,,sqrt,1,10,300,"{'max_depth': None, 'max_features': 'sqrt', 'min_samples_leaf': 1, 'min_samples_split': 10, 'n_estimators': 300}",-11.348861813970881,-16.555166439823935,-50.5362766554863,-26.146768303093705,17.376468575209515,47
0.07480168342590332,0.0081869288882248,0.003191073735555013,0.00013663864705809088,,sqrt,2,2,100,"{'max_depth': None, 'max_features': 'sqrt', 'min_samples_leaf': 2, 'min_samples_split': 2, 'n_estimators': 100}",-11.75941188573762,-17.217115143484758,-53.44570610774672,-27.474077712323034,18.49938273465522,100
0.1361250082651774,0.007380412891283361,0.008666674296061197,0.0030608679865236567,,sqrt,2,2,200,"{'max_depth': None, 'max_features': 'sqrt', 'min_samples_leaf': 2, 'min_samples_split': 2, 'n_estimators': 200}",-11.694165365003506,-17.651570835871855,-50.332896827416576,-26.55954434276398,16.98532476886516,70
0.2120663324991862,0.004339513739507035,0.008075952529907227,0.0030116485354032127,,sqrt,2,2,300,"{'max_depth': None, 'max_features': 'sqrt', 'min_samples_leaf': 2, 'min_samples_split': 2, 'n_estimators': 300}",-11.492151786334965,-17.698684575207523,-50.685526839838175,-26.625454400460217,17.200689456257724,73
0.07646942138671875,0.005085882465709217,0.003629287083943685,0.00048826822424524876,,sqrt,2,5,100,"{'max_depth': None, 'max_features': 'sqrt', 'min_samples_leaf': 2, 'min_samples_split': 5, 'n_estimators': 100}",-11.683236797766794,-17.40124933978575,-51.8468152567542,-26.977100464768913,17.73980368613081,85
0.1523137092590332,0.007469610435199216,0.006078322728474935,0.0012314823492581058,,sqrt,2,5,200,"{'max_depth': None, 'max_features': 'sqrt', 'min_samples_leaf': 2, 'min_samples_split': 5, 'n_estimators': 200}",-11.616798449878473,-17.32146553853715,-49.77954257896445,-26.23926885579336,16.807620729289656,52
0.20774261156717935,0.015502878411303845,0.007476488749186198,0.0017267646752206264,,sqrt,2,5,300,"{'max_depth': None, 'max_features': 'sqrt', 'min_samples_leaf': 2, 'min_samples_split': 5, 'n_estimators': 300}",-11.407512866467103,-17.161829145459773,-50.90257036068305,-26.49063745753664,17.42096227748746,65
0.07359981536865234,0.006741743295663867,0.0030724207560221353,1.4497644608885682e-05,,sqrt,2,10,100,"{'max_depth': None, 'max_features': 'sqrt', 'min_samples_leaf': 2, 'min_samples_split': 10, 'n_estimators': 100}",-11.461314928611841,-19.15057405587875,-52.064043572899664,-27.55864418579675,17.60998061370563,104
0.1672813892364502,0.029060602831318314,0.007222652435302734,0.0018366543118179372,,sqrt,2,10,200,"{'max_depth': None, 'max_features': 'sqrt', 'min_samples_leaf': 2, 'min_samples_split': 10, 'n_estimators': 200}",-11.46660675475131,-18.512312823820984,-50.170340016306625,-26.716419864959636,16.83201852328376,77
0.20162169138590494,0.014693952721028431,0.008604685465494791,0.002101060896241043,,sqrt,2,10,300,"{'max_depth': None, 'max_features': 'sqrt', 'min_samples_leaf': 2, 'min_samples_split': 10, 'n_estimators': 300}",-11.249466508795585,-18.333548322782224,-50.73986530721789,-26.774293379598564,17.191229006875098,80
0.07369343439737956,0.009287043624778663,0.003067572911580404,2.8186772597835403e-05,,sqrt,4,2,100,"{'max_depth': None, 'max_features': 'sqrt', 'min_samples_leaf': 4, 'min_samples_split': 2, 'n_estimators': 100}",-11.6789780753151,-28.29714127060638,-51.494979855809014,-30.490366400576832,16.328628780950428,151
0.1353166103363037,0.012166916615338697,0.005832990010579427,0.0015359928955993732,,sqrt,4,2,200,"{'max_depth': None, 'max_features': 'sqrt', 'min_samples_leaf': 4, 'min_samples_split': 2, 'n_estimators': 200}",-11.39431984637295,-27.69020767034906,-50.266228450887795,-29.783585322536606,15.938276613976546,118
0.20886890093485513,0.014580321146386287,0.008033434549967447,0.0029138759654371974,,sqrt,4,2,300,"{'max_depth': None, 'max_features': 'sqrt', 'min_samples_leaf': 4, 'min_samples_split': 2, 'n_estimators': 300}",-11.234289341971442,-27.144576975469683,-51.156899085118106,-29.845255134186413,16.409833211901216,133
0.0730423132578532,0.004574015928555632,0.004624684651692708,0.0022673202011410545,,sqrt,4,5,100,"{'max_depth': None, 'max_features': 'sqrt', 'min_samples_leaf': 4, 'min_samples_split': 5, 'n_estimators': 100}",-11.6789780753151,-28.29714127060638,-51.494979855809014,-30.490366400576832,16.328628780950428,151
0.15304668744405112,0.022919305009281826,0.00759434700012207,0.0010391243586219535,,sqrt,4,5,200,"{'max_depth': None, 'max_features': 'sqrt', 'min_samples_leaf': 4, 'min_samples_split': 5, 'n_estimators': 200}",-11.39431984637295,-27.69020767034906,-50.266228450887795,-29.783585322536606,15.938276613976546,118
0.20519272486368814,0.011066370836777677,0.010676304499308268,0.00534393737077564,,sqrt,4,5,300,"{'max_depth': None, 'max_features': 'sqrt', 'min_samples_leaf': 4, 'min_samples_split': 5, 'n_estimators': 300}",-11.234289341971442,-27.144576975469683,-51.156899085118106,-29.845255134186413,16.409833211901216,133
0.07245039939880371,0.006625576019991764,0.006110032399495442,0.002206631415329719,,sqrt,4,10,100,"{'max_depth': None, 'max_features': 'sqrt', 'min_samples_leaf': 4, 'min_samples_split': 10, 'n_estimators': 100}",-11.55172399058615,-28.504801467037865,-51.032406333161,-30.362977263595003,16.171387953770044,148
0.1275623639424642,0.012052672017689675,0.005042870839436849,0.0007708690090696773,,sqrt,4,10,200,"{'max_depth': None, 'max_features': 'sqrt', 'min_samples_leaf': 4, 'min_samples_split': 10, 'n_estimators': 200}",-11.142638069723192,-27.775267928313646,-49.3657460858137,-29.42788402795018,15.648212924207757,109
0.21885999043782553,0.03617896727118545,0.009809017181396484,0.005444252001023099,,sqrt,4,10,300,"{'max_depth': None, 'max_features': 'sqrt', 'min_samples_leaf': 4, 'min_samples_split': 10, 'n_estimators': 300}",-10.996378927902075,-27.379437008481986,-50.46817008416502,-29.614662006849688,16.191618147792916,115
0.0766446590423584,0.004605012946234805,0.007017294565836589,0.0027581276904409518,,log2,1,2,100,"{'max_depth': None, 'max_features': 'log2', 'min_samples_leaf': 1, 'min_samples_split': 2, 'n_estimators': 100}",-11.651555224094208,-20.184022198263808,-49.55617703554162,-27.13058481929988,16.23537573434824,90
0.1526032288869222,0.012121253588646585,0.009709437688191732,0.003960965796041976,,log2,1,2,200,"{'max_depth': None, 'max_features': 'log2', 'min_samples_leaf': 1, 'min_samples_split': 2, 'n_estimators': 200}",-11.42571187145882,-19.93097179907436,-46.49260766871843,-25.949763779750537,14.935219848710068,27
0.2471912701924642,0.021232711472310678,0.007133086522420247,0.0011202218208472086,,log2,1,2,300,"{'max_depth': None, 'max_features': 'log2', 'min_samples_leaf': 1, 'min_samples_split': 2, 'n_estimators': 300}",-11.508716964843343,-19.320442415516595,-47.43076594647338,-26.08664177561111,15.42583311839946,43
0.06859580675760905,0.005152410497457123,0.005523681640625,0.0033775213438901686,,log2,1,5,100,"{'max_depth': None, 'max_features': 'log2', 'min_samples_leaf': 1, 'min_samples_split': 5, 'n_estimators': 100}",-11.841680145734005,-17.10324497146064,-48.2276162211127,-25.724180446102448,16.05665972660232,8
0.16554498672485352,0.025575984892398713,0.00772706667582194,0.004413168426850587,,log2,1,5,200,"{'max_depth': None, 'max_features': 'log2', 'min_samples_leaf': 1, 'min_samples_split': 5, 'n_estimators': 200}",-11.661231675220128,-16.840509462733152,-47.18093948188196,-25.227560206611745,15.666724307758235,2
0.2492686907450358,0.017183183172526054,0.010087887446085611,0.0044273887251573925,,log2,1,5,300,"{'max_depth': None, 'max_features': 'log2', 'min_samples_leaf': 1, 'min_samples_split': 5, 'n_estimators': 300}",-11.883507702863282,-16.95105286862764,-48.57473424057551,-25.80309827068881,16.23433721181832,14
0.07885384559631348,0.01251183881420154,0.0032138824462890625,0.00012955982364436472,,log2,1,10,100,"{'max_depth': None, 'max_features': 'log2', 'min_samples_leaf': 1, 'min_samples_split': 10, 'n_estimators': 100}",-11.495186759999655,-17.518769965741548,-49.130047473671084,-26.048001399804093,16.505686431776834,41
0.1768192450205485,0.01691113137472937,0.006451924641927083,0.0027809774831217466,,log2,1,10,200,"{'max_depth': None, 'max_features': 'log2', 'min_samples_leaf': 1, 'min_samples_split': 10, 'n_estimators': 200}",-11.389552465219143,-17.06346610937217,-48.137830883385405,-25.530283152658907,16.15289932299326,5
0.2288361390431722,0.0073055440108023275,0.009826024373372396,0.0025102086239316584,,log2,1,10,300,"{'max_depth': None, 'max_features': 'log2', 'min_samples_leaf': 1, 'min_samples_split': 10, 'n_estimators': 300}",-11.453766628969342,-17.125917408421,-49.28726858572638,-25.955650874372242,16.65966411001513,29
0.08785494168599446,0.005164140231106389,0.0031433900197347007,4.713792506599404e-05,,log2,2,2,100,"{'max_depth': None, 'max_features': 'log2', 'min_samples_leaf': 2, 'min_samples_split': 2, 'n_estimators': 100}",-11.643738487514538,-19.26278438576147,-47.16249116596899,-26.02300467974833,15.268068678906918,39
0.15346908569335938,0.017247407364374457,0.006010214487711589,0.001115979215627207,,log2,2,2,200,"{'max_depth': None, 'max_features': 'log2', 'min_samples_leaf': 2, 'min_samples_split': 2, 'n_estimators': 200}",-11.612077648992635,-19.175303901132068,-46.43884643424548,-25.74207599479006,14.957001210200291,10
0.2143398920694987,0.013437002326776621,0.010400056838989258,0.004306212349597817,,log2,2,2,300,"{'max_depth': None, 'max_features': 'log2', 'min_samples_leaf': 2, 'min_samples_split': 2, 'n_estimators': 300}",-11.675299048173873,-18.642139672335652,-47.50994267871095,-25.942460466406825,15.513465845390769,25
0.07583157221476237,0.003625598976777328,0.0049470265706380205,0.0011126742349775026,,log2,2,5,100,"{'max_depth': None, 'max_features': 'log2', 'min_samples_leaf': 2, 'min_samples_split': 5, 'n_estimators': 100}",-11.798276824110783,-19.0353362079554,-48.703838484573694,-26.51248383887996,15.967381811880077,67
0.1388519605000814,0.0038779652825127508,0.008787711461385092,0.0024956873988273335,,log2,2,5,200,"{'max_depth': None, 'max_features': 'log2', 'min_samples_leaf': 2, 'min_samples_split': 5, 'n_estimators': 200}",-11.608004780566139,-18.803079148537087,-47.5672299083941,-25.992771279165776,15.535662686184788,37
0.21126778920491537,0.019352302977630537,0.009270111719767252,0.004315860487244494,,log2,2,5,300,"{'max_depth': None, 'max_features': 'log2', 'min_samples_leaf': 2, 'min_samples_split': 5, 'n_estimators': 300}",-11.676938135766928,-18.571402837263584,-48.51163642357994,-26.25332579887015,15.988698191318294,54
0.07378959655761719,0.004535026674559767,0.004831155141194661,0.0013309028555902355,,log2,2,10,100,"{'max_depth': None, 'max_features': 'log2', 'min_samples_leaf': 2, 'min_samples_split': 10, 'n_estimators': 100}",-11.549775402002371,-18.6560135078884,-48.65846136526798,-26.288083425052918,16.082081372248478,58
0.14290865262349448,0.005577462549505472,0.007292747497558594,0.0029327387282862766,,log2,2,10,200,"{'max_depth': None, 'max_features': 'log2', 'min_samples_leaf': 2, 'min_samples_split': 10, 'n_estimators': 200}",-11.25231924608059,-18.451739639317854,-47.88437186757494,-25.862810250991128,15.846551581219773,17
0.18558247884114584,0.023127108275336702,0.008972565333048502,0.002498053925606477,,log2,2,10,300,"{'max_depth': None, 'max_features': 'log2', 'min_samples_leaf': 2, 'min_samples_split': 10, 'n_estimators': 300}",-11.285031220690753,-18.638306804202927,-48.983413019230206,-26.302250348041298,16.31653599960214,60
0.07714327176411946,0.005242336542833041,0.0038544336954752603,0.0011078453474261507,,log2,4,2,100,"{'max_depth': None, 'max_features': 'log2', 'min_samples_leaf': 4, 'min_samples_split': 2, 'n_estimators': 100}",-11.015977106762753,-31.83485549299168,-49.03287742624422,-30.627903341999552,15.543781770565273,157
0.13816595077514648,0.0131328413102038,0.006655693054199219,0.001813383469573567,,log2,4,2,200,"{'max_depth': None, 'max_features': 'log2', 'min_samples_leaf': 4, 'min_samples_split': 2, 'n_estimators': 200}",-11.10922277343043,-30.163100734110074,-48.17276311109344,-29.815028872877985,15.133128583912173,127
0.20057129859924316,0.009007051481876423,0.010593732198079428,0.0025364933923687203,,log2,4,2,300,"{'max_depth': None, 'max_features': 'log2', 'min_samples_leaf': 4, 'min_samples_split': 2, 'n_estimators': 300}",-11.133958957351961,-29.3974758413998,-49.05665933888839,-29.86269804588005,15.485372126227208,139
0.07065995534261067,0.002324631293753052,0.0031377474466959634,6.930762436339275e-05,,log2,4,5,100,"{'max_depth': None, 'max_features': 'log2', 'min_samples_leaf': 4, 'min_samples_split': 5, 'n_estimators': 100}",-11.015977106762753,-31.83485549299168,-49.03287742624422,-30.627903341999552,15.543781770565273,157
0.13026301066080728,0.001445877678225364,0.006251732508341472,0.0013789277098306516,,log2,4,5,200,"{'max_depth': None, 'max_features': 'log2', 'min_samples_leaf': 4, 'min_samples_split': 5, 'n_estimators': 200}",-11.10922277343043,-30.163100734110074,-48.17276311109344,-29.815028872877985,15.133128583912173,127
0.19541637102762857,0.011962519756993164,0.00724021593729655,0.001980260688198775,,log2,4,5,300,"{'max_depth': None, 'max_features': 'log2', 'min_samples_leaf': 4, 'min_samples_split': 5, 'n_estimators': 300}",-11.133958957351961,-29.3974758413998,-49.05665933888839,-29.86269804588005,15.485372126227208,139
0.07201600074768066,0.004351869682912995,0.004517396291097005,0.0020925300274115487,,log2,4,10,100,"{'max_depth': None, 'max_features': 'log2', 'min_samples_leaf': 4, 'min_samples_split': 10, 'n_estimators': 100}",-11.139206359438464,-30.603747763989375,-48.08401037579019,-29.942321499739347,15.08990279356673,145
0.13587117195129395,0.007250577384775378,0.0074812571207682295,0.0032343918063280695,,log2,4,10,200,"{'max_depth': None, 'max_features': 'log2', 'min_samples_leaf': 4, 'min_samples_split': 10, 'n_estimators': 200}",-10.965576415465636,-29.522601800793534,-47.82726612426501,-29.438481446841394,15.048839362165957,112
0.18076697985331217,0.016498685003656383,0.006968259811401367,0.0009740316887799271,,log2,4,10,300,"{'max_depth': None, 'max_features': 'log2', 'min_samples_leaf': 4, 'min_samples_split': 10, 'n_estimators': 300}",-10.950229821786376,-28.926371827297388,-49.56069241947113,-29.81243135618497,15.775102358217367,124
0.15014266967773438,0.01954340735758587,0.00554807980855306,0.001441311759972672,,,1,2,100,"{'max_depth': None, 'max_features': None, 'min_samples_leaf': 1, 'min_samples_split': 2, 'n_estimators': 100}",-11.83176525968673,-25.556922381666222,-62.03139909366267,-33.14002891167187,21.183774258464524,187
0.3322868347167969,0.04111803267841328,0.007263978322347005,0.0028638977623387774,,,1,2,200,"{'max_depth': None, 'max_features': None, 'min_samples_leaf': 1, 'min_samples_split': 2, 'n_estimators': 200}",-11.517877573477367,-25.611482109319176,-60.41172780083166,-32.51369582787607,20.54884527455196,164
0.422666072845459,0.04706511590465377,0.012598832448323568,0.0014252296841318706,,,1,2,300,"{'max_depth': None, 'max_features': None, 'min_samples_leaf': 1, 'min_samples_split': 2, 'n_estimators': 300}",-11.716735250358562,-26.031094128200166,-60.47880914436745,-32.74221284097539,20.464836482674656,175
0.15560404459635416,0.020242567229149647,0.0067513783772786455,0.0025914820517958658,,,1,5,100,"{'max_depth': None, 'max_features': None, 'min_samples_leaf': 1, 'min_samples_split': 5, 'n_estimators': 100}",-12.04846728762625,-25.374149507668857,-61.77505784017079,-33.065891545155296,21.01674925186306,184
0.2910923957824707,0.015838595714896552,0.005999008814493815,0.001963730863307826,,,1,5,200,"{'max_depth': None, 'max_features': None, 'min_samples_leaf': 1, 'min_samples_split': 5, 'n_estimators': 200}",-11.746725154462291,-25.273186188712987,-60.555231611274905,-32.5250476514834,20.57522290916254,166
0.4305419127146403,0.021317021070110163,0.012533346811930338,0.004439199882927231,,,1,5,300,"{'max_depth': None, 'max_features': None, 'min_samples_leaf': 1, 'min_samples_split': 5, 'n_estimators': 300}",-11.931665776192384,-25.58427742898875,-60.49652879829379,-32.67082400115831,20.449952515487073,170
0.14371808369954428,0.006359504606994717,0.006062666575113933,0.0019982751580736318,,,1,10,100,"{'max_depth': None, 'max_features': None, 'min_samples_leaf': 1, 'min_samples_split': 10, 'n_estimators': 100}",-12.06864518081189,-24.890544268742506,-63.78998198445491,-33.583057144669766,21.9915742238187,208
0.2895485560099284,0.012458040445042874,0.004571596781412761,0.00024288994077719455,,,1,10,200,"{'max_depth': None, 'max_features': None, 'min_samples_leaf': 1, 'min_samples_split': 10, 'n_estimators': 200}",-11.757934125779594,-25.036927885044303,-62.6579645469736,-33.1509421859325,21.557383812758644,190
0.43041261037190753,0.020964741301007006,0.007907470067342123,0.0012182825200841255,,,1,10,300,"{'max_depth': None, 'max_features': None, 'min_samples_leaf': 1, 'min_samples_split': 10, 'n_estimators': 300}",-11.855343582860447,-25.59393795594,-62.27927960451392,-33.24285371443812,21.28415318477421,197
0.13790098826090494,0.021826518408188538,0.003352483113606771,0.00029704086736056845,,,2,2,100,"{'max_depth': None, 'max_features': None, 'min_samples_leaf': 2, 'min_samples_split': 2, 'n_estimators': 100}",-11.924007246522988,-25.75529057821023,-63.42005603812971,-33.69978462095431,21.76077510082889,212
0.2851102352142334,0.03026415935995072,0.008315404256184896,0.0028173487611215064,,,2,2,200,"{'max_depth': None, 'max_features': None, 'min_samples_leaf': 2, 'min_samples_split': 2, 'n_estimators': 200}",-11.70218946277822,-25.69338687948256,-61.69720241706237,-33.030926253107715,21.059517929262366,182
0.4347994327545166,0.030702169227151688,0.008380254109700521,0.0006025237465709275,,,2,2,300,"{'max_depth': None, 'max_features': None, 'min_samples_leaf': 2, 'min_samples_split': 2, 'n_estimators': 300}",-11.759333518814993,-26.01291670914173,-61.93693496588234,-33.23639506461302,21.112111869874685,194
0.1425816218058268,0.022676946439980788,0.00612330436706543,0.0023660565694114204,,,2,5,100,"{'max_depth': None, 'max_features': None, 'min_samples_leaf': 2, 'min_samples_split': 5, 'n_estimators': 100}",-11.879208198745266,-25.56101197257616,-62.33453413744106,-33.25825143625416,21.305251315358987,199
0.2939160664876302,0.01235728692156205,0.004527489344278972,0.00015201215774491835,,,2,5,200,"{'max_depth': None, 'max_features': None, 'min_samples_leaf': 2, 'min_samples_split': 5, 'n_estimators': 200}",-11.609258528587924,-25.618422078637522,-60.821503437742535,-32.68306134832266,20.70254587013775,172
0.44033463795979816,0.026666538036773907,0.007997671763102213,0.002346226317818134,,,2,5,300,"{'max_depth': None, 'max_features': None, 'min_samples_leaf': 2, 'min_samples_split': 5, 'n_estimators': 300}",-11.731645024979029,-25.938388536126528,-60.632382521482874,-32.76747202752947,20.539357632358882,178
0.1422847112019857,0.005631557380385567,0.003170172373453776,0.0001213801659232923,,,2,10,100,"{'max_depth': None, 'max_features': None, 'min_samples_leaf': 2, 'min_samples_split': 10, 'n_estimators': 100}",-12.161462439602879,-26.38214890910094,-63.75517355545409,-34.099594968052635,21.75847707494099,214
0.2801486651102702,0.018860602739222118,0.00985264778137207,0.002040870956527342,,,2,10,200,"{'max_depth': None, 'max_features': None, 'min_samples_leaf': 2, 'min_samples_split': 10, 'n_estimators': 200}",-11.744600951712558,-26.033858806691335,-62.6123994479593,-33.463619735454394,21.42092810870748,202
0.42052412033081055,0.03784120223438326,0.009118318557739258,0.0030073001798562437,,,2,10,300,"{'max_depth': None, 'max_features': None, 'min_samples_leaf': 2, 'min_samples_split': 10, 'n_estimators': 300}",-11.780292540274438,-26.49444232064107,-62.24977911345809,-33.5081713247912,21.192554740567637,206
0.13413429260253906,0.0025373790073725424,0.0040387312571207685,0.0014288076523660165,,,4,2,100,"{'max_depth': None, 'max_features': None, 'min_samples_leaf': 4, 'min_samples_split': 2, 'n_estimators': 100}",-11.80116888341462,-29.645041665950167,-63.89339027662863,-35.11320027533114,21.615202232887178,238
0.27329715092976886,0.01970355402757347,0.01004934310913086,0.004032285574001439,,,4,2,200,"{'max_depth': None, 'max_features': None, 'min_samples_leaf': 4, 'min_samples_split': 2, 'n_estimators': 200}",-11.258415137716947,-28.75872884677827,-62.389484971928326,-34.13554298547451,21.217589767443947,219
0.408375342686971,0.03144493090499489,0.01564947764078776,0.013616325534507142,,,4,2,300,"{'max_depth': None, 'max_features': None, 'min_samples_leaf': 4, 'min_samples_split': 2, 'n_estimators': 300}",-11.44755098842013,-29.413640319703678,-61.84972637053796,-34.23697255955392,20.85734436970065,228
0.13904651006062826,0.017877650329390482,0.004754940668741862,0.0022929685547815235,,,4,5,100,"{'max_depth': None, 'max_features': None, 'min_samples_leaf': 4, 'min_samples_split': 5, 'n_estimators': 100}",-11.80116888341462,-29.645041665950167,-63.89339027662863,-35.11320027533114,21.615202232887178,238
0.29166173934936523,0.011069166663298007,0.0045744578043619795,0.0002070615907602095,,,4,5,200,"{'max_depth': None, 'max_features': None, 'min_samples_leaf': 4, 'min_samples_split': 5, 'n_estimators': 200}",-11.258415137716947,-28.75872884677827,-62.389484971928326,-34.13554298547451,21.217589767443947,219
0.3957974910736084,0.043317173035517575,0.005997896194458008,0.00014055821692843202,,,4,5,300,"{'max_depth': None, 'max_features': None, 'min_samples_leaf': 4, 'min_samples_split': 5, 'n_estimators': 300}",-11.44755098842013,-29.413640319703678,-61.84972637053796,-34.23697255955392,20.85734436970065,228
0.13741691907246908,0.004025385790762447,0.0037643114725748696,0.00043709221744921216,,,4,10,100,"{'max_depth': None, 'max_features': None, 'min_samples_leaf': 4, 'min_samples_split': 10, 'n_estimators': 100}",-11.664914897760381,-29.64350150777715,-63.23850828433691,-34.84897489662481,21.374152592987688,235
0.2762939929962158,0.006135663035865871,0.007607301076253255,0.0022316666427894456,,,4,10,200,"{'max_depth': None, 'max_features': None, 'min_samples_leaf': 4, 'min_samples_split': 10, 'n_estimators': 200}",-11.342599662088421,-28.83591247071959,-62.279040916075566,-34.15251768296119,21.131808254262054,224
0.3316100438435872,0.009279788366847693,0.005786577860514323,0.0001843414395601634,,,4,10,300,"{'max_depth': None, 'max_features': None, 'min_samples_leaf': 4, 'min_samples_split': 10, 'n_estimators': 300}",-11.484027624698292,-29.35032746494788,-62.13001102372018,-34.32145537112212,20.972807682141788,233
